Date,Price,Open,High,Low,Vol.
2011-12-01,100.2,100.51,101.17,98.87,275.86K
2011-12-02,100.96,100.0,101.56,99.76,245.92K
2011-12-05,100.99,101.23,102.44,100.24,239.38K
2011-12-06,101.28,100.45,101.42,100.2,217.03K
2011-12-07,100.49,101.11,101.94,99.67,330.53K
2011-12-08,98.34,100.84,101.73,97.71,340.68K
2011-12-09,99.41,98.08,99.91,97.36,318.77K
2011-12-12,97.77,99.58,99.68,97.54,279.15K
2011-12-13,100.14,97.85,101.25,97.64,380.75K
2011-12-14,94.95,100.33,100.33,94.21,377.48K
2011-12-15,93.87,94.89,95.99,93.31,273.76K
2011-12-16,93.53,93.42,94.79,92.52,205.89K
2011-12-19,93.88,93.76,94.42,92.54,114.56K
2011-12-20,97.22,94.14,97.45,94.14,35.84K
2011-12-21,98.67,97.53,99.25,96.8,219.51K
2011-12-22,99.53,99.03,100.05,98.51,151.56K
2011-12-23,99.68,99.48,100.23,99.24,95.27K
2011-12-27,101.34,99.92,101.77,99.37,124.24K
2011-12-28,99.36,101.25,101.71,99.11,164.66K
2011-12-29,99.65,99.59,99.92,98.3,153.92K
2011-12-30,98.83,99.78,100.16,98.61,154.06K
2012-01-03,102.96,99.7,103.18,99.65,275.48K
2012-01-04,103.22,102.99,103.74,101.88,271.71K
2012-01-05,101.81,103.29,103.73,101.3,295.62K
2012-01-06,101.56,101.35,102.8,100.88,290.46K
2012-01-09,101.31,101.92,102.15,100.1,311.87K
2012-01-10,102.24,101.3,103.41,101.3,291.27K
2012-01-11,100.87,102.2,102.46,100.55,311.64K
2012-01-12,99.1,101.0,102.98,98.5,370.51K
2012-01-13,98.7,99.2,100.19,97.7,335.62K
2012-01-17,100.71,98.95,101.01,98.6,322.04K
2012-01-18,100.59,100.91,102.06,99.84,269.39K
2012-01-19,100.39,101.14,102.06,99.98,120.17K
2012-01-20,98.46,100.39,100.74,97.91,34.90K
2012-01-23,99.58,98.34,100.24,97.4,238.96K
2012-01-24,98.95,99.88,100.18,98.25,242.48K
2012-01-25,99.4,99.2,100.4,97.53,322.79K
2012-01-26,99.7,99.96,101.39,99.23,260.74K
2012-01-27,99.56,99.93,100.63,99.13,253.46K
2012-01-30,98.78,100.0,100.05,98.43,215.83K
2012-01-31,98.48,98.88,101.29,97.86,373.89K
2012-02-01,97.61,98.38,99.49,97.11,293.55K
2012-02-02,96.36,97.11,97.99,95.44,331.24K
2012-02-03,97.84,96.61,98.03,96.01,318.64K
2012-02-06,96.91,97.74,97.75,96.38,257.72K
2012-02-07,98.41,97.13,99.13,95.84,400.23K
2012-02-08,98.71,98.77,100.09,98.1,364.74K
2012-02-09,99.84,99.1,100.18,98.66,295.43K
2012-02-10,98.67,99.89,99.89,97.32,307.56K
2012-02-13,100.91,99.33,100.87,99.09,268.06K
2012-02-14,100.74,100.73,101.84,100.28,314.29K
2012-02-15,101.8,100.9,102.54,100.61,278.27K
2012-02-16,102.31,101.9,102.69,100.84,197.31K
2012-02-17,103.24,102.35,104.14,102.25,134.50K
2012-02-21,105.84,104.65,106.07,104.26,32.98K
2012-02-22,106.28,106.01,106.72,105.61,241.33K
2012-02-23,107.83,105.95,108.74,105.45,325.66K
2012-02-24,109.77,108.66,109.95,107.95,267.71K
2012-02-27,108.56,109.67,109.77,107.27,277.60K
2012-02-28,106.55,107.95,108.79,106.3,278.72K
2012-02-29,107.07,106.46,107.43,104.84,353.13K
2012-03-01,108.84,106.82,110.55,106.55,389.84K
2012-03-02,106.7,108.75,109.03,105.8,299.66K
2012-03-05,106.72,106.75,107.42,105.5,237.45K
2012-03-06,104.7,107.11,107.34,104.51,332.56K
2012-03-07,106.16,104.93,106.55,104.35,333.24K
2012-03-08,106.58,106.24,107.2,105.84,296.55K
2012-03-09,107.4,106.91,108.2,106.13,292.69K
2012-03-12,106.34,107.5,107.56,105.38,234.73K
2012-03-13,106.71,106.55,107.35,105.67,282.35K
2012-03-14,105.43,106.69,107.02,105.12,283.51K
2012-03-15,105.11,105.5,106.18,103.78,371.04K
2012-03-16,107.06,105.44,107.34,105.13,192.99K
2012-03-19,108.09,107.18,108.24,106.55,110.35K
2012-03-20,105.61,107.82,107.91,105.35,26.44K
2012-03-21,107.27,106.33,107.64,106.06,252.60K
2012-03-22,105.35,106.81,107.12,104.5,295.47K
2012-03-23,106.87,105.52,108.25,105.16,260.27K
2012-03-26,107.03,106.79,107.32,106.19,162.28K
2012-03-27,107.33,107.09,107.73,106.52,209.04K
2012-03-28,105.41,106.81,106.94,104.67,309.06K
2012-03-29,102.78,105.58,105.7,102.13,319.99K
2012-03-30,103.02,103.29,104.15,102.78,244.16K
2012-04-02,105.23,103.27,105.49,102.06,278.10K
2012-04-03,104.01,105.04,105.18,103.59,245.54K
2012-04-04,101.47,104.09,104.12,101.08,300.73K
2012-04-05,103.31,101.96,103.4,101.37,242.90K
2012-04-09,102.46,102.53,102.6,100.81,205.92K
2012-04-10,101.02,102.33,102.96,100.68,312.93K
2012-04-11,102.7,100.94,103.13,100.84,283.01K
2012-04-12,103.64,102.55,104.24,102.39,271.29K
2012-04-13,102.83,103.66,103.9,102.61,227.26K
2012-04-16,102.93,102.8,103.37,101.8,284.96K
2012-04-17,104.2,103.15,105.07,102.66,244.52K
2012-04-18,102.67,104.22,104.51,102.19,195.81K
2012-04-19,102.27,102.73,103.21,101.67,91.40K
2012-04-20,103.05,102.57,104.27,102.45,23.58K
2012-04-23,103.11,103.82,103.9,101.82,213.20K
2012-04-24,103.55,103.11,104.1,102.79,196.14K
2012-04-25,104.12,103.76,104.57,103.11,276.65K
2012-04-26,104.55,103.96,104.92,103.84,192.83K
2012-04-27,104.93,104.1,105.0,103.74,182.10K
2012-04-30,104.87,104.93,105.16,103.88,211.45K
2012-05-01,106.16,104.89,106.43,104.39,245.92K
2012-05-02,105.22,105.98,106.05,104.91,256.65K
2012-05-03,102.54,105.39,105.42,102.36,316.88K
2012-05-04,98.49,102.59,102.72,97.51,443.06K
2012-05-07,97.94,98.05,98.24,95.34,300.47K
2012-05-08,97.01,97.96,98.12,95.52,333.77K
2012-05-09,96.81,97.38,97.39,95.17,332.87K
2012-05-10,97.08,96.45,97.69,96.08,282.31K
2012-05-11,96.13,96.53,97.2,95.56,260.54K
2012-05-14,94.78,95.79,95.83,93.65,251.99K
2012-05-15,93.98,93.91,95.48,93.02,284.71K
2012-05-16,92.81,93.16,94.16,91.81,308.37K
2012-05-17,92.56,92.77,93.88,92.09,280.07K
2012-05-18,91.48,92.86,92.88,90.93,211.75K
2012-05-21,92.57,91.27,93.06,90.84,107.24K
2012-05-22,91.66,92.64,93.01,91.39,27.36K
2012-05-23,89.9,91.54,91.72,89.28,275.52K
2012-05-24,90.66,90.53,91.52,89.81,231.52K
2012-05-25,90.86,90.79,91.32,90.2,153.92K
2012-05-29,90.76,91.0,92.21,90.25,262.56K
2012-05-30,87.82,90.86,90.92,87.27,297.20K
2012-05-31,86.53,87.55,88.28,85.86,345.43K
2012-06-01,83.23,86.44,86.59,82.29,407.58K
2012-06-04,83.98,82.96,84.38,81.21,309.78K
2012-06-05,84.29,84.14,84.92,83.31,246.36K
2012-06-06,85.02,84.12,86.27,84.03,313.10K
2012-06-07,84.82,85.5,87.03,83.43,339.00K
2012-06-08,84.1,83.63,84.67,82.0,304.64K
2012-06-11,82.7,85.72,86.64,81.11,343.21K
2012-06-12,83.32,81.18,83.72,81.07,320.80K
2012-06-13,82.62,83.51,84.01,82.15,327.54K
2012-06-14,83.91,82.44,84.42,82.27,278.94K
2012-06-15,84.03,84.33,84.8,83.42,216.55K
2012-06-18,83.27,85.09,85.6,82.04,216.96K
2012-06-19,84.03,83.06,84.41,82.28,109.01K
2012-06-20,81.8,84.04,84.34,80.91,37.37K
2012-06-21,78.2,81.08,81.2,77.93,376.97K
2012-06-22,79.76,78.11,80.37,77.56,293.22K
2012-06-25,79.21,80.2,80.68,78.03,249.00K
2012-06-26,79.36,79.23,79.68,78.36,253.30K
2012-06-27,80.21,79.47,80.92,78.68,253.01K
2012-06-28,77.69,80.48,80.84,77.28,310.15K
2012-06-29,84.96,78.46,85.34,78.28,439.01K
2012-07-02,83.75,84.65,85.05,82.1,299.10K
2012-07-03,87.66,83.67,88.04,83.33,336.19K
2012-07-05,87.22,87.75,88.98,86.5,368.62K
2012-07-06,84.45,86.73,87.13,84.02,296.20K
2012-07-09,85.99,84.2,86.48,84.0,256.90K
2012-07-10,83.91,85.84,85.95,83.65,291.41K
2012-07-11,85.81,84.01,86.49,84.01,307.82K
2012-07-12,86.08,86.2,86.37,84.21,240.73K
2012-07-13,87.1,85.86,87.61,85.58,260.83K
2012-07-16,88.43,87.13,88.48,86.41,223.12K
2012-07-17,89.22,88.26,89.46,87.41,262.79K
2012-07-18,89.87,89.13,90.04,88.59,192.85K
2012-07-19,92.66,90.08,92.94,89.86,102.93K
2012-07-20,91.44,92.22,92.3,90.66,22.10K
2012-07-23,88.14,91.61,91.64,87.91,290.36K
2012-07-24,88.5,88.05,89.09,87.43,309.87K
2012-07-25,88.97,88.2,89.36,86.84,289.55K
2012-07-26,89.39,89.1,90.47,88.07,233.40K
2012-07-27,90.13,89.43,90.45,89.13,210.41K
2012-07-30,89.78,90.14,90.95,89.33,191.10K
2012-07-31,88.06,89.67,90.3,87.31,282.85K
2012-08-01,88.91,88.03,89.47,87.51,281.20K
2012-08-02,87.13,88.87,89.63,86.92,302.70K
2012-08-03,91.4,87.26,91.74,87.23,301.78K
2012-08-06,92.2,91.34,92.33,90.63,194.37K
2012-08-07,93.67,92.05,94.42,91.78,260.01K
2012-08-08,93.35,93.41,94.72,92.82,269.93K
2012-08-09,93.36,93.43,94.21,93.07,258.64K
2012-08-10,92.87,93.46,93.87,91.71,224.51K
2012-08-13,92.73,93.25,94.14,92.05,280.27K
2012-08-14,93.43,92.71,93.92,92.56,200.41K
2012-08-15,94.33,93.25,94.9,92.68,281.64K
2012-08-16,95.6,94.21,95.75,93.93,212.63K
2012-08-17,96.01,95.23,96.28,94.98,162.59K
2012-08-20,95.97,96.36,96.53,95.02,113.31K
2012-08-21,96.68,95.97,97.6,95.81,33.07K
2012-08-22,97.26,96.94,97.54,96.26,217.44K
2012-08-23,96.27,97.3,98.29,95.75,225.16K
2012-08-24,96.15,96.06,97.17,95.41,204.23K
2012-08-27,95.47,96.67,97.72,94.41,230.84K
2012-08-28,96.33,95.66,96.54,95.14,198.46K
2012-08-29,95.49,96.08,96.37,94.76,185.89K
2012-08-30,94.62,95.3,95.6,93.95,192.46K
2012-08-31,96.47,94.75,96.92,94.51,249.06K
2012-09-04,95.3,96.38,97.37,94.97,256.15K
2012-09-05,95.36,95.61,96.03,94.26,233.04K
2012-09-06,95.53,96.0,97.71,94.59,327.08K
2012-09-07,96.42,94.7,96.74,94.08,293.03K
2012-09-10,96.54,96.24,96.63,95.34,222.00K
2012-09-11,97.17,96.29,97.31,96.08,222.01K
2012-09-12,97.01,96.85,98.06,96.31,223.53K
2012-09-13,98.31,96.93,98.58,96.51,291.06K
2012-09-14,99.0,98.04,100.42,97.99,271.79K
2012-09-17,96.62,99.15,99.52,94.65,308.27K
2012-09-18,95.29,96.71,97.23,95.11,196.21K
2012-09-19,91.98,95.49,96.17,91.25,133.04K
2012-09-20,91.87,91.77,92.37,90.66,30.14K
2012-09-21,92.89,92.93,93.84,92.59,181.04K
2012-09-24,91.93,93.18,93.18,91.06,188.32K
2012-09-25,91.37,92.11,93.2,90.57,239.02K
2012-09-26,89.98,90.82,91.34,88.95,272.06K
2012-09-27,91.85,90.08,92.39,89.88,237.29K
2012-09-28,92.19,92.35,92.71,91.4,210.20K
2012-10-01,92.48,92.15,93.33,91.26,216.01K
2012-10-02,91.89,92.41,92.94,91.62,177.73K
2012-10-03,88.14,91.64,91.82,87.7,339.51K
2012-10-04,91.71,88.01,91.84,87.91,291.39K
2012-10-05,89.88,91.51,91.71,89.01,279.13K
2012-10-08,89.33,89.85,89.89,88.21,202.69K
2012-10-09,92.39,89.62,92.91,89.29,378.04K
2012-10-10,91.25,92.26,93.66,91.02,303.50K
2012-10-11,92.07,91.27,92.94,91.09,300.09K
2012-10-12,91.86,92.41,92.64,91.16,198.46K
2012-10-15,91.85,91.63,92.2,89.79,269.02K
2012-10-16,92.09,91.76,92.32,91.3,232.22K
2012-10-17,92.12,92.08,92.85,91.55,226.34K
2012-10-18,92.1,92.06,92.59,90.66,184.65K
2012-10-19,90.05,92.04,93.05,89.83,123.65K
2012-10-22,88.73,89.52,90.8,88.21,23.96K
2012-10-23,86.67,89.14,89.29,85.69,309.49K
2012-10-24,85.73,86.6,87.47,84.94,298.16K
2012-10-25,86.05,85.65,86.75,85.23,208.68K
2012-10-26,86.28,86.0,86.37,85.0,212.38K
2012-10-29,85.54,86.43,86.43,84.66,145.73K
2012-10-30,85.68,85.31,86.24,85.1,106.22K
2012-10-31,86.24,85.73,87.19,85.61,212.58K
2012-11-01,87.09,86.1,87.42,85.92,197.18K
2012-11-02,84.86,86.91,87.24,84.66,297.31K
2012-11-05,85.65,84.65,85.9,84.34,221.40K
2012-11-06,88.71,85.67,89.22,85.42,303.43K
2012-11-07,84.44,88.42,88.8,84.05,422.21K
2012-11-08,85.09,84.52,85.7,84.22,296.60K
2012-11-09,86.07,85.0,86.77,84.13,322.40K
2012-11-12,85.57,86.19,86.54,85.27,280.69K
2012-11-13,85.38,85.59,85.95,84.57,352.25K
2012-11-14,86.32,85.37,86.65,84.93,265.31K
2012-11-15,85.45,86.36,86.83,84.68,168.10K
2012-11-16,86.67,85.28,87.01,85.02,40.71K
2012-11-19,89.28,87.3,89.8,87.11,247.08K
2012-11-20,86.75,89.15,89.19,86.17,322.63K
2012-11-21,87.38,87.28,87.89,86.37,220.98K
2012-11-23,88.28,87.68,88.53,86.71,104.94K
2012-11-26,87.74,88.21,88.29,87.27,156.59K
2012-11-27,87.18,87.82,88.25,86.83,210.47K
2012-11-28,86.49,87.33,87.34,85.36,249.74K
2012-11-29,88.07,86.57,88.69,86.55,270.03K
2012-11-30,88.91,87.66,88.99,87.47,216.21K
2012-12-03,89.09,88.85,90.33,88.66,235.99K
2012-12-04,88.5,88.93,89.18,87.57,206.27K
2012-12-05,87.88,88.5,89.05,87.46,220.85K
2012-12-06,86.26,87.87,88.23,85.68,269.29K
2012-12-07,85.93,86.39,86.92,85.77,244.99K
2012-12-10,85.56,85.98,86.78,85.33,211.60K
2012-12-11,85.79,85.7,86.37,85.21,217.86K
2012-12-12,86.77,85.69,87.68,85.68,300.35K
2012-12-13,85.89,86.77,86.97,85.81,228.42K
2012-12-14,86.73,86.13,86.92,86.05,218.27K
2012-12-17,87.2,86.88,87.71,86.48,157.23K
2012-12-18,87.93,87.45,88.16,87.21,93.13K
2012-12-19,89.51,87.94,89.9,87.81,36.81K
2012-12-20,90.13,89.69,90.54,89.26,178.14K
2012-12-21,88.66,90.02,90.07,87.96,180.38K
2012-12-24,88.61,88.6,88.86,88.2,48.52K
2012-12-26,90.98,88.62,91.3,88.59,141.60K
2012-12-27,90.87,91.0,91.44,90.05,152.77K
2012-12-28,90.8,91.15,91.49,90.32,131.37K
2012-12-31,91.82,90.41,91.99,90.0,119.53K
2013-01-02,93.12,91.78,93.87,91.56,203.87K
2013-01-03,92.92,92.91,93.3,92.49,189.81K
2013-01-04,93.09,92.86,93.21,91.52,210.75K
2013-01-07,93.19,93.21,93.35,92.42,166.29K
2013-01-08,93.15,93.32,93.8,92.67,195.87K
2013-01-09,93.1,93.15,93.65,92.68,201.39K
2013-01-10,93.82,93.19,94.7,93.08,279.30K
2013-01-11,93.56,93.87,94.13,92.65,257.82K
2013-01-14,94.14,93.74,94.29,92.95,248.60K
2013-01-15,93.28,94.2,94.44,93.22,248.14K
2013-01-16,94.24,93.4,94.36,93.1,241.53K
2013-01-17,95.49,94.19,96.04,93.8,178.29K
2013-01-18,95.56,95.19,95.67,94.91,118.55K
2013-01-22,96.24,95.25,96.38,94.98,37.96K
2013-01-23,95.23,96.76,96.92,94.95,318.01K
2013-01-24,95.95,95.5,96.68,95.12,232.04K
2013-01-25,95.88,95.95,96.56,95.43,184.87K
2013-01-28,96.44,96.04,96.81,95.47,167.19K
2013-01-29,97.57,96.46,97.82,96.29,252.93K
2013-01-30,97.94,97.32,98.24,97.32,211.28K
2013-01-31,97.49,97.96,98.04,96.84,230.63K
2013-02-01,97.77,97.42,98.15,96.51,270.28K
2013-02-04,96.17,97.72,97.76,95.89,196.98K
2013-02-05,96.64,96.13,97.07,95.91,188.84K
2013-02-06,96.62,96.64,96.99,95.04,282.80K
2013-02-07,95.83,96.86,97.21,95.54,275.47K
2013-02-08,95.72,95.92,96.57,95.27,229.24K
2013-02-11,97.03,95.79,97.09,94.97,283.96K
2013-02-12,97.51,96.96,97.79,96.68,239.80K
2013-02-13,97.01,97.59,98.11,96.63,246.44K
2013-02-14,97.31,97.17,97.71,96.77,174.60K
2013-02-15,95.86,97.34,97.47,95.21,223.59K
2013-02-19,96.66,95.97,96.73,95.25,118.31K
2013-02-20,94.46,96.66,97.07,93.92,30.29K
2013-02-21,92.84,94.72,94.92,92.63,286.43K
2013-02-22,93.13,92.96,93.48,92.44,204.26K
2013-02-25,93.11,93.23,94.46,92.07,217.52K
2013-02-26,92.63,91.92,93.44,91.92,230.84K
2013-02-27,92.76,92.72,93.37,92.18,201.51K
2013-02-28,92.05,92.89,93.18,91.57,218.12K
2013-03-01,90.68,91.76,91.97,90.04,248.47K
2013-03-04,90.12,90.71,90.91,89.33,231.11K
2013-03-05,90.82,90.23,90.99,90.02,209.87K
2013-03-06,90.43,90.83,91.17,89.55,244.17K
2013-03-07,91.56,90.42,91.73,90.22,234.92K
2013-03-08,91.95,91.42,92.03,90.83,219.96K
2013-03-11,92.06,91.83,92.15,90.89,194.61K
2013-03-12,92.54,91.94,93.47,91.6,283.11K
2013-03-13,92.52,92.62,93.4,91.91,251.34K
2013-03-14,93.03,92.51,93.25,92.01,174.70K
2013-03-15,93.45,93.15,93.84,93.0,175.61K
2013-03-18,93.74,93.26,93.94,91.76,151.21K
2013-03-19,92.16,93.8,94.09,92.03,96.80K
2013-03-20,92.96,92.09,93.28,92.09,27.76K
2013-03-21,92.45,93.4,93.53,91.84,214.13K
2013-03-22,93.71,92.33,93.94,92.33,202.67K
2013-03-25,94.81,93.72,95.65,93.7,270.65K
2013-03-26,96.34,94.75,96.45,94.67,214.35K
2013-03-27,96.58,96.18,96.84,95.58,207.78K
2013-03-28,97.23,96.68,97.35,96.26,174.39K
2013-04-01,97.07,97.36,97.8,95.92,192.40K
2013-04-02,97.19,97.0,97.44,95.91,209.88K
2013-04-03,94.45,96.93,96.96,94.18,302.24K
2013-04-04,93.26,94.5,94.84,92.12,355.32K
2013-04-05,92.7,93.36,93.57,91.91,267.28K
2013-04-08,93.36,93.02,93.75,92.46,212.12K
2013-04-09,94.2,93.49,94.48,92.86,234.72K
2013-04-10,94.64,93.96,94.82,93.4,248.56K
2013-04-11,93.51,94.56,94.64,93.06,222.44K
2013-04-12,91.29,93.49,93.52,90.27,325.58K
2013-04-15,88.71,90.95,90.98,87.2,362.52K
2013-04-16,88.72,87.42,88.96,86.06,287.41K
2013-04-17,86.68,88.8,89.09,86.06,294.27K
2013-04-18,87.73,86.39,88.51,85.61,228.20K
2013-04-19,88.01,88.37,88.79,87.56,100.65K
2013-04-22,88.76,87.96,89.13,87.55,35.73K
2013-04-23,89.18,89.28,89.6,87.8,288.80K
2013-04-24,91.43,89.6,91.72,89.21,257.74K
2013-04-25,93.64,91.58,93.87,91.11,270.12K
2013-04-26,93.0,93.24,93.58,92.06,240.97K
2013-04-29,94.5,92.7,94.69,92.43,214.61K
2013-04-30,93.46,94.42,94.62,92.86,277.50K
2013-05-01,91.03,93.08,93.26,90.11,332.38K
2013-05-02,93.99,91.0,94.25,90.65,310.81K
2013-05-03,95.61,93.99,96.04,93.56,297.52K
2013-05-06,96.16,95.58,97.17,94.85,271.00K
2013-05-07,95.62,95.79,96.26,94.92,260.14K
2013-05-08,96.62,95.56,96.77,95.24,276.32K
2013-05-09,96.39,96.6,96.77,95.35,272.20K
2013-05-10,96.04,96.16,96.24,93.37,354.12K
2013-05-13,95.17,95.76,95.81,94.47,297.04K
2013-05-14,94.21,94.93,95.66,93.85,269.40K
2013-05-15,94.3,94.13,94.44,92.13,360.68K
2013-05-16,95.16,94.34,95.57,93.23,297.86K
2013-05-17,96.02,95.15,96.45,94.79,187.75K
2013-05-20,96.71,95.93,97.11,95.23,118.62K
2013-05-21,96.16,96.7,96.97,95.5,-
2013-05-22,94.28,95.9,96.19,94.01,336.50K
2013-05-23,94.25,94.18,94.46,92.21,323.63K
2013-05-24,94.15,94.37,94.39,93.04,203.99K
2013-05-27,93.83,93.54,94.03,93.25,-
2013-05-28,95.01,93.89,95.92,93.23,240.99K
2013-05-29,93.13,95.05,95.22,92.83,293.46K
2013-05-30,93.61,92.89,93.99,91.65,294.86K
2013-05-31,91.97,93.64,93.85,91.56,267.98K
2013-06-03,93.45,91.73,93.7,91.26,287.47K
2013-06-04,93.31,93.35,94.41,92.38,301.14K
2013-06-05,93.74,93.86,94.48,93.41,268.91K
2013-06-06,94.76,93.7,95.32,93.69,267.16K
2013-06-07,96.03,94.72,96.39,93.72,330.83K
2013-06-10,95.77,96.09,96.25,95.19,234.60K
2013-06-11,95.38,95.76,95.91,94.04,257.47K
2013-06-12,95.88,94.89,96.45,94.46,244.87K
2013-06-13,96.69,95.77,96.92,95.02,224.45K
2013-06-14,97.85,96.64,98.25,96.42,240.91K
2013-06-17,97.77,97.85,98.74,97.38,242.79K
2013-06-18,98.44,97.93,98.67,97.41,145.62K
2013-06-19,98.24,98.59,99.01,97.57,111.30K
2013-06-20,95.4,98.02,98.03,94.89,26.73K
2013-06-21,93.69,94.96,95.84,93.12,340.90K
2013-06-24,95.18,93.85,95.59,92.67,315.82K
2013-06-25,95.32,95.02,96.17,94.59,267.54K
2013-06-26,95.5,95.17,95.7,93.68,291.42K
2013-06-27,97.05,95.52,97.41,95.35,269.31K
2013-06-28,96.56,96.81,97.82,96.33,247.61K
2013-07-01,97.99,96.58,98.28,96.07,229.19K
2013-07-02,99.6,98.06,99.87,97.78,285.78K
2013-07-03,101.24,99.61,102.18,99.59,353.25K
2013-07-04,101.4,101.27,101.57,100.71,-
2013-07-05,103.22,101.09,103.68,100.71,256.03K
2013-07-08,103.14,103.95,104.12,102.13,253.20K
2013-07-09,103.53,103.0,104.76,102.31,285.67K
2013-07-10,106.52,104.57,106.66,104.21,404.82K
2013-07-11,104.91,106.15,107.45,104.31,316.73K
2013-07-12,105.95,104.58,106.33,104.36,234.76K
2013-07-15,106.32,106.05,106.63,104.65,210.81K
2013-07-16,106.0,106.44,107.18,105.66,250.92K
2013-07-17,106.48,105.78,106.6,105.11,262.79K
2013-07-18,108.04,106.56,108.43,106.15,155.96K
2013-07-19,108.05,108.12,109.32,107.48,112.37K
2013-07-22,106.91,108.34,108.79,106.43,29.38K
2013-07-23,107.23,107.0,107.55,105.46,241.64K
2013-07-24,105.39,107.36,107.52,104.79,278.26K
2013-07-25,105.49,105.37,105.87,104.08,270.58K
2013-07-26,104.7,105.56,105.63,103.9,208.86K
2013-07-29,104.55,104.61,105.37,103.87,206.33K
2013-07-30,103.08,104.52,104.54,102.67,235.61K
2013-07-31,105.03,103.15,105.43,102.93,299.13K
2013-08-01,107.89,105.26,108.06,105.1,267.59K
2013-08-02,106.94,107.8,108.82,106.45,249.31K
2013-08-05,106.56,106.84,107.69,105.7,204.86K
2013-08-06,105.3,106.48,107.27,104.86,273.00K
2013-08-07,104.37,105.68,105.77,104.1,294.24K
2013-08-08,103.4,104.18,104.96,102.22,320.07K
2013-08-09,105.97,103.87,106.24,103.62,303.80K
2013-08-12,106.11,105.84,106.46,105.03,257.14K
2013-08-13,106.83,106.15,107.2,105.56,276.77K
2013-08-14,106.85,106.54,107.06,105.6,270.92K
2013-08-15,107.33,106.98,107.87,106.6,251.87K
2013-08-16,107.46,107.18,108.17,106.56,179.86K
2013-08-19,107.1,107.78,107.8,106.56,102.78K
2013-08-20,104.96,106.93,107.1,104.5,39.88K
2013-08-21,103.85,105.18,105.35,103.5,259.24K
2013-08-22,105.03,103.86,105.25,103.53,204.69K
2013-08-23,106.42,105.22,106.94,104.3,259.55K
2013-08-26,105.92,106.91,107.37,105.56,166.00K
2013-08-27,109.01,106.14,109.32,105.88,295.93K
2013-08-28,110.1,109.22,112.24,109.11,336.17K
2013-08-29,108.8,109.53,110.07,107.72,250.04K
2013-08-30,107.65,108.17,108.75,106.75,239.63K
2013-09-02,106.75,105.91,107.29,105.86,-
2013-09-03,108.54,107.07,108.83,104.21,288.02K
2013-09-04,107.23,108.44,108.61,106.77,224.38K
2013-09-05,108.37,107.59,108.54,107.13,184.89K
2013-09-06,110.53,108.52,110.7,108.12,269.87K
2013-09-09,109.52,110.28,110.46,108.76,266.92K
2013-09-10,107.39,108.92,108.95,106.39,325.31K
2013-09-11,107.56,107.36,108.09,106.53,238.24K
2013-09-12,108.6,107.77,109.16,107.3,249.78K
2013-09-13,108.21,108.64,108.74,107.23,207.04K
2013-09-16,106.59,107.5,108.0,106.06,282.89K
2013-09-17,105.42,106.22,106.43,104.94,304.85K
2013-09-18,108.07,105.53,108.49,105.32,199.89K
2013-09-19,106.39,108.22,108.99,106.08,139.84K
2013-09-20,104.68,106.37,106.46,104.32,39.27K
2013-09-23,103.59,104.89,105.12,103.12,223.39K
2013-09-24,103.13,103.44,103.64,102.3,259.54K
2013-09-25,102.66,103.41,103.96,102.2,236.20K
2013-09-26,103.03,102.3,103.29,102.2,183.78K
2013-09-27,102.87,102.91,103.77,102.36,232.30K
2013-09-30,102.33,102.46,102.76,101.05,226.71K
2013-10-01,102.04,102.31,102.58,101.06,223.03K
2013-10-02,104.1,101.62,104.23,101.43,300.53K
2013-10-03,103.31,103.82,104.38,102.87,226.23K
2013-10-04,103.84,102.92,104.19,102.9,165.20K
2013-10-07,103.03,103.45,103.74,101.86,269.03K
2013-10-08,103.49,103.16,104.08,102.85,194.20K
2013-10-09,101.61,103.49,103.75,101.18,283.13K
2013-10-10,103.01,101.46,103.57,101.16,296.86K
2013-10-11,102.02,102.94,102.95,100.6,298.22K
2013-10-14,102.41,101.37,102.62,101.06,170.67K
2013-10-15,101.21,102.19,102.46,100.87,240.22K
2013-10-16,102.29,100.88,102.97,100.75,235.24K
2013-10-17,100.67,102.13,102.32,100.03,266.63K
2013-10-18,100.81,100.72,101.71,100.51,116.68K
2013-10-21,99.22,100.63,100.95,98.98,90.82K
2013-10-22,97.8,99.06,99.77,97.5,30.73K
2013-10-23,96.86,98.12,98.29,96.16,356.19K
2013-10-24,97.11,97.1,97.69,95.95,248.74K
2013-10-25,97.85,97.19,98.06,96.99,192.63K
2013-10-28,98.68,97.88,98.82,97.37,230.16K
2013-10-29,98.2,98.54,98.57,97.69,183.24K
2013-10-30,96.77,97.77,97.82,96.55,268.14K
2013-10-31,96.38,96.62,97.03,96.03,255.40K
2013-11-01,94.61,96.32,96.65,94.36,282.14K
2013-11-04,94.62,94.52,95.11,94.06,219.11K
2013-11-05,93.37,94.47,94.9,93.07,226.45K
2013-11-06,94.8,93.74,95.4,93.65,282.72K
2013-11-07,94.2,94.91,95.31,93.8,260.60K
2013-11-08,94.6,94.36,94.92,93.9,241.69K
2013-11-11,95.14,94.45,95.38,94.11,206.72K
2013-11-12,93.04,95.0,95.22,92.86,353.69K
2013-11-13,93.88,93.07,94.54,92.93,305.01K
2013-11-14,93.76,93.5,94.43,92.51,315.07K
2013-11-15,93.84,93.89,94.55,93.58,204.37K
2013-11-18,93.03,93.78,94.3,92.72,169.44K
2013-11-19,93.34,93.0,93.46,92.43,131.46K
2013-11-20,93.33,93.33,93.93,92.73,27.44K
2013-11-21,95.44,93.73,95.63,93.47,222.14K
2013-11-22,94.84,95.29,95.57,94.05,257.84K
2013-11-25,94.09,94.15,94.5,93.08,270.86K
2013-11-26,93.68,94.21,94.69,93.43,160.18K
2013-11-27,92.3,93.5,93.6,91.77,230.88K
2013-11-28,92.28,92.19,92.36,92.08,-
2013-11-29,92.72,92.33,93.9,92.06,143.21K
2013-12-02,93.82,92.71,94.08,92.56,234.80K
2013-12-03,96.04,93.86,96.96,93.67,319.27K
2013-12-04,97.2,96.9,97.58,96.3,325.86K
2013-12-05,97.38,97.33,97.99,97.01,216.39K
2013-12-06,97.65,97.38,98.07,97.08,223.94K
2013-12-09,97.34,97.66,97.97,97.1,210.09K
2013-12-10,98.51,97.25,98.74,97.24,264.84K
2013-12-11,97.44,98.65,98.75,97.2,274.19K
2013-12-12,97.5,97.55,98.18,97.31,205.75K
2013-12-13,96.6,97.58,97.62,96.26,233.16K
2013-12-16,97.48,96.55,97.69,96.21,187.59K
2013-12-17,97.22,97.3,97.9,97.0,120.13K
2013-12-18,97.8,97.3,98.01,97.02,84.63K
2013-12-19,98.77,97.69,99.17,97.5,23.58K
2013-12-20,99.32,98.7,99.4,98.54,151.28K
2013-12-23,98.91,99.2,99.31,98.64,107.27K
2013-12-24,99.22,98.62,99.3,98.53,51.88K
2013-12-26,99.55,99.2,99.7,99.05,65.67K
2013-12-27,100.32,99.63,100.75,99.37,127.20K
2013-12-30,99.29,100.15,100.42,99.13,118.36K
2013-12-31,98.42,99.25,99.39,98.15,113.91K
2014-01-01,98.7,98.61,98.76,98.54,-
2014-01-02,95.44,98.5,98.97,95.34,251.25K
2014-01-03,93.96,95.47,95.74,93.86,215.52K
2014-01-06,93.43,94.18,94.59,93.2,189.38K
2014-01-07,93.67,93.6,94.22,93.35,177.18K
2014-01-08,92.33,93.96,94.18,92.26,244.86K
2014-01-09,91.66,92.58,92.93,91.24,255.78K
2014-01-10,92.72,92.3,93.38,91.99,255.99K
2014-01-13,91.8,92.83,92.88,91.43,212.21K
2014-01-14,92.59,91.51,92.88,91.5,243.47K
2014-01-15,94.17,92.65,94.64,92.43,263.30K
2014-01-16,93.96,94.29,94.64,93.6,165.14K
2014-01-17,94.37,94.17,94.94,93.94,119.89K
2014-01-20,93.93,94.31,94.31,93.66,-
2014-01-21,94.99,94.0,95.23,93.43,35.63K
2014-01-22,96.73,95.2,96.89,95.12,252.35K
2014-01-23,97.32,96.69,97.84,96.41,274.08K
2014-01-24,96.64,97.37,97.8,96.25,239.67K
2014-01-27,95.72,96.9,97.18,95.21,235.11K
2014-01-28,97.41,95.66,97.66,95.63,206.49K
2014-01-29,97.36,97.17,97.75,96.32,200.49K
2014-01-30,98.23,97.42,98.59,97.33,199.42K
2014-01-31,97.49,97.97,98.39,97.1,253.46K
2014-02-03,96.43,97.4,97.94,96.26,293.31K
2014-02-04,97.19,96.53,97.82,96.37,204.28K
2014-02-05,97.38,97.67,98.26,96.8,237.67K
2014-02-06,97.84,97.25,98.83,97.25,234.28K
2014-02-07,99.88,97.97,100.24,97.11,270.41K
2014-02-10,100.06,100.05,100.55,99.11,251.13K
2014-02-11,99.94,99.97,100.6,99.6,233.93K
2014-02-12,100.37,100.46,101.38,100.04,318.69K
2014-02-13,100.35,100.27,100.66,99.4,221.72K
2014-02-14,100.3,100.34,100.47,99.43,229.78K
2014-02-17,100.58,100.59,100.83,100.23,-
2014-02-18,102.43,100.32,103.25,100.23,177.37K
2014-02-19,103.31,103.14,103.8,102.4,116.16K
2014-02-20,102.92,103.41,103.5,102.75,36.26K
2014-02-21,102.2,102.87,102.92,101.69,173.26K
2014-02-24,102.82,102.29,103.45,101.97,177.86K
2014-02-25,101.83,102.8,102.84,101.02,187.22K
2014-02-26,102.59,102.04,102.9,101.58,196.52K
2014-02-27,102.4,102.57,103.08,101.75,196.49K
2014-02-28,102.59,102.15,102.96,101.8,178.28K
2014-03-03,104.92,103.0,105.22,102.95,295.82K
2014-03-04,103.33,104.89,104.96,102.85,210.01K
2014-03-05,101.45,103.35,103.53,100.85,267.84K
2014-03-06,101.56,101.04,102.08,100.13,291.85K
2014-03-07,102.58,101.97,102.91,101.57,226.15K
2014-03-10,101.12,102.75,102.82,100.85,225.29K
2014-03-11,100.03,100.94,101.52,99.32,294.20K
2014-03-12,97.99,99.48,99.6,97.55,416.93K
2014-03-13,98.2,98.1,98.6,97.67,268.07K
2014-03-14,98.89,98.25,99.28,98.06,226.30K
2014-03-17,98.08,99.39,99.39,97.37,227.39K
2014-03-18,99.7,97.97,99.78,97.75,192.51K
2014-03-19,100.37,99.53,100.47,99.34,110.32K
2014-03-20,99.43,100.39,100.82,99.08,33.88K
2014-03-21,99.46,98.59,100.25,98.25,191.29K
2014-03-24,99.6,99.49,100.29,99.05,151.71K
2014-03-25,99.19,99.43,100.25,98.8,217.01K
2014-03-26,100.26,99.18,100.46,99.1,211.37K
2014-03-27,101.28,100.3,101.7,100.03,202.20K
2014-03-28,101.67,101.34,102.24,101.18,166.33K
2014-03-31,101.58,101.69,101.97,100.88,167.57K
2014-04-01,99.74,101.53,101.57,99.28,237.56K
2014-04-02,99.62,99.64,99.83,98.86,231.60K
2014-04-03,100.29,99.29,100.49,99.07,195.43K
2014-04-04,101.14,100.38,101.63,100.28,193.53K
2014-04-07,100.44,100.91,101.32,99.92,254.88K
2014-04-08,102.56,100.69,102.71,100.68,299.55K
2014-04-09,103.6,102.35,103.77,102.03,324.66K
2014-04-10,103.4,103.44,103.81,103.1,222.17K
2014-04-11,103.74,103.34,104.44,103.01,261.92K
2014-04-14,104.05,103.56,104.55,103.34,237.21K
2014-04-15,103.75,103.6,104.05,102.91,215.85K
2014-04-16,103.76,103.76,104.99,103.12,279.39K
2014-04-17,104.3,103.84,104.78,103.54,191.34K
2014-04-21,104.37,104.54,104.77,103.85,115.10K
2014-04-22,102.13,104.36,104.36,101.69,46.49K
2014-04-23,101.44,101.86,102.08,101.2,250.65K
2014-04-24,101.94,101.54,102.35,101.4,202.28K
2014-04-25,100.6,101.93,102.05,100.48,221.60K
2014-04-28,100.84,100.49,101.52,100.33,231.59K
2014-04-29,101.28,100.89,102.2,100.71,218.69K
2014-04-30,99.74,100.76,100.76,99.35,282.98K
2014-05-01,99.42,99.72,99.89,98.74,235.46K
2014-05-02,99.76,99.17,100.14,99.17,213.63K
2014-05-05,99.48,99.96,100.44,98.91,190.00K
2014-05-06,99.5,99.38,100.42,99.32,251.21K
2014-05-07,100.77,99.83,100.99,99.78,291.27K
2014-05-08,100.26,100.82,100.93,99.87,252.61K
2014-05-09,99.99,100.27,101.18,99.71,271.34K
2014-05-12,100.59,100.12,100.93,99.93,211.65K
2014-05-13,101.7,100.63,102.05,100.36,253.59K
2014-05-14,102.37,101.91,102.65,101.83,234.48K
2014-05-15,101.5,102.03,102.26,101.27,276.06K
2014-05-16,102.02,101.56,102.23,101.39,147.90K
2014-05-19,102.61,102.13,103.09,101.97,121.11K
2014-05-20,102.44,102.6,102.86,102.1,48.32K
2014-05-21,104.07,102.96,104.29,102.78,272.13K
2014-05-22,103.74,103.85,104.22,103.55,159.18K
2014-05-23,104.35,103.71,104.5,103.64,160.56K
2014-05-26,104.28,104.2,104.38,103.93,-
2014-05-27,104.11,104.34,104.5,103.57,174.39K
2014-05-28,102.72,104.14,104.39,102.64,239.13K
2014-05-29,103.58,103.06,103.94,102.61,205.51K
2014-05-30,102.71,103.51,103.56,102.4,169.73K
2014-06-02,102.47,102.92,103.35,102.1,159.04K
2014-06-03,102.66,102.44,102.86,102.23,160.21K
2014-06-04,102.64,102.79,103.69,102.34,208.54K
2014-06-05,102.48,102.37,102.69,101.6,200.40K
2014-06-06,102.66,102.44,103.07,102.3,197.76K
2014-06-09,104.41,102.78,104.57,102.62,246.72K
2014-06-10,104.35,104.46,105.06,103.98,255.60K
2014-06-11,104.4,104.3,104.81,104.17,187.73K
2014-06-12,106.53,104.47,106.95,104.35,321.50K
2014-06-13,106.91,106.84,107.68,106.37,255.39K
2014-06-16,106.9,106.88,107.54,106.57,204.79K
2014-06-17,106.36,106.59,107.18,106.01,252.97K
2014-06-18,105.97,106.6,106.97,105.8,176.26K
2014-06-19,106.43,106.11,106.7,105.32,123.12K
2014-06-20,107.26,106.6,107.73,106.33,31.67K
2014-06-23,106.17,107.42,107.45,105.91,175.47K
2014-06-24,106.03,106.02,106.46,105.25,175.21K
2014-06-25,106.5,106.14,107.5,105.47,249.06K
2014-06-26,105.84,106.71,106.81,105.03,195.72K
2014-06-27,105.74,105.64,106.19,105.33,128.98K
2014-06-30,105.37,105.69,105.76,104.66,215.33K
2014-07-01,105.34,105.44,106.09,104.6,221.69K
2014-07-02,104.48,105.21,105.53,104.1,240.07K
2014-07-03,104.06,104.27,104.29,103.67,169.94K
2014-07-04,103.76,104.11,104.13,103.64,-
2014-07-07,103.53,104.06,104.09,103.19,189.25K
2014-07-08,103.4,103.39,104.2,103.01,249.38K
2014-07-09,102.29,103.45,103.6,101.85,250.99K
2014-07-10,102.93,101.95,103.0,101.55,238.08K
2014-07-11,100.83,102.86,102.92,100.44,272.55K
2014-07-14,100.91,100.46,101.2,100.22,252.68K
2014-07-15,99.96,100.93,101.06,99.01,331.20K
2014-07-16,101.2,100.21,101.6,100.07,240.20K
2014-07-17,103.19,101.49,103.9,101.27,342.87K
2014-07-18,103.13,103.72,103.94,102.58,172.53K
2014-07-21,104.59,102.97,104.99,102.65,126.99K
2014-07-22,104.42,104.58,105.25,103.89,43.19K
2014-07-23,103.12,101.96,103.34,101.79,260.65K
2014-07-24,102.07,103.2,103.31,101.88,194.40K
2014-07-25,102.09,102.04,102.53,101.0,284.92K
2014-07-28,101.67,101.87,102.1,100.9,197.82K
2014-07-29,100.97,101.6,101.83,100.37,258.06K
2014-07-30,100.27,101.03,101.67,99.42,263.97K
2014-07-31,98.17,99.47,99.85,97.6,335.79K
2014-08-01,97.88,97.7,98.1,97.09,274.99K
2014-08-04,98.29,97.67,98.67,97.43,204.26K
2014-08-05,97.38,98.41,98.67,97.0,242.24K
2014-08-06,96.92,97.62,98.13,96.69,263.60K
2014-08-07,97.34,96.89,97.72,96.55,286.53K
2014-08-08,97.65,97.64,98.45,97.15,266.01K
2014-08-11,98.08,97.54,98.58,97.37,241.49K
2014-08-12,97.37,97.84,97.94,96.81,242.59K
2014-08-13,97.59,97.2,97.78,96.75,253.70K
2014-08-14,95.58,97.3,97.59,95.26,350.62K
2014-08-15,97.35,95.5,97.41,95.32,269.75K
2014-08-18,96.41,97.1,97.16,95.81,157.54K
2014-08-19,94.48,96.56,97.05,94.26,109.04K
2014-08-20,96.07,94.7,96.47,94.7,22.89K
2014-08-21,93.96,93.49,94.45,92.5,226.34K
2014-08-22,93.65,93.89,94.04,92.92,191.46K
2014-08-25,93.35,93.34,93.95,93.05,137.42K
2014-08-26,93.86,93.36,94.35,93.35,176.28K
2014-08-27,93.88,93.88,94.24,93.36,174.91K
2014-08-28,94.55,93.75,94.71,93.45,262.29K
2014-08-29,95.96,94.56,96.0,94.48,234.97K
2014-09-01,95.83,95.76,95.9,95.51,-
2014-09-02,92.88,95.81,95.91,92.68,320.36K
2014-09-03,95.54,93.28,95.83,93.06,294.40K
2014-09-04,94.45,95.07,95.39,94.16,254.14K
2014-09-05,93.29,94.57,94.99,92.86,261.39K
2014-09-08,92.66,93.49,93.62,91.8,277.99K
2014-09-09,92.75,93.11,93.94,92.52,275.88K
2014-09-10,91.67,92.79,93.03,91.22,295.31K
2014-09-11,92.83,91.71,93.44,90.43,403.18K
2014-09-12,92.27,93.05,93.67,91.96,297.77K
2014-09-15,92.92,92.13,93.03,90.63,260.51K
2014-09-16,94.88,92.81,95.19,92.46,294.72K
2014-09-17,94.42,94.71,95.06,93.74,305.83K
2014-09-18,93.07,93.97,94.82,92.85,170.77K
2014-09-19,92.41,92.97,93.22,91.85,92.78K
2014-09-22,91.52,92.22,92.64,91.2,23.94K
2014-09-23,91.56,90.7,92.09,90.58,247.77K
2014-09-24,92.8,91.72,93.29,91.12,282.63K
2014-09-25,92.53,92.89,93.54,92.05,248.85K
2014-09-26,93.54,92.47,93.86,92.23,258.89K
2014-09-29,94.57,93.35,94.64,92.74,261.25K
2014-09-30,91.16,94.34,94.9,90.86,429.25K
2014-10-01,90.73,91.36,92.96,90.47,389.25K
2014-10-02,91.01,90.74,91.54,88.18,449.55K
2014-10-03,89.74,91.38,91.79,89.36,342.80K
2014-10-06,90.34,89.77,90.74,88.76,276.61K
2014-10-07,88.85,90.45,90.57,88.38,300.11K
2014-10-08,87.31,88.43,88.63,86.83,373.75K
2014-10-09,85.77,87.73,87.95,84.06,345.02K
2014-10-10,85.82,84.39,86.29,83.59,396.53K
2014-10-13,85.74,85.2,85.87,84.07,292.35K
2014-10-14,81.84,84.98,85.6,81.32,475.83K
2014-10-15,81.78,82.32,82.45,80.01,487.72K
2014-10-16,82.7,81.06,84.83,79.78,424.52K
2014-10-17,82.75,83.18,84.45,82.44,174.14K
2014-10-20,82.71,83.13,83.48,81.55,83.70K
2014-10-21,82.81,82.76,84.05,82.29,23.44K
2014-10-22,80.52,82.55,83.15,80.22,352.22K
2014-10-23,82.09,80.42,82.37,80.05,354.84K
2014-10-24,81.01,81.95,81.95,80.36,272.51K
2014-10-27,81.0,81.27,81.29,79.44,285.33K
2014-10-28,81.42,80.64,81.66,80.36,226.07K
2014-10-29,82.2,81.55,82.88,81.44,283.76K
2014-10-30,81.12,81.93,82.09,80.72,270.07K
2014-10-31,80.54,81.04,81.27,79.55,294.18K
2014-11-03,78.78,80.59,80.98,78.08,386.05K
2014-11-04,77.19,78.22,78.41,75.84,432.76K
2014-11-05,78.68,77.36,79.35,76.46,447.69K
2014-11-06,77.91,78.87,78.98,77.12,292.90K
2014-11-07,78.65,77.86,79.41,77.47,306.08K
2014-11-10,77.4,78.5,79.85,77.13,319.49K
2014-11-11,77.94,77.18,78.04,76.42,314.31K
2014-11-12,77.18,77.5,78.08,76.63,359.95K
2014-11-13,74.21,76.95,77.16,74.07,447.01K
2014-11-14,75.82,74.36,76.3,73.25,355.25K
2014-11-17,75.64,75.93,76.18,74.71,279.46K
2014-11-18,74.61,75.49,76.44,74.12,186.21K
2014-11-19,74.58,74.23,75.4,73.88,116.28K
2014-11-20,75.58,74.25,75.76,74.17,28.25K
2014-11-21,76.51,76.29,77.83,75.62,275.32K
2014-11-24,75.78,76.62,77.02,75.45,194.75K
2014-11-25,74.09,75.51,76.58,73.71,294.45K
2014-11-26,73.69,73.87,74.48,73.3,258.38K
2014-11-27,68.55,73.54,73.55,67.77,-
2014-11-28,66.15,73.5,73.56,65.69,552.88K
2014-12-01,69.0,66.0,69.54,63.72,504.12K
2014-12-02,66.88,69.24,69.32,66.67,360.30K
2014-12-03,67.38,67.6,68.23,66.8,293.48K
2014-12-04,66.81,67.4,68.22,66.09,237.01K
2014-12-05,65.84,66.8,66.89,65.17,276.53K
2014-12-08,63.05,65.46,65.55,62.78,330.08K
2014-12-09,63.82,63.01,64.2,62.25,322.80K
2014-12-10,60.94,63.33,63.43,60.43,456.17K
2014-12-11,59.95,61.12,61.68,58.96,392.49K
2014-12-12,57.81,59.17,59.57,57.34,414.22K
2014-12-15,55.91,57.07,58.73,55.02,424.95K
2014-12-16,55.93,55.4,57.15,53.6,518.78K
2014-12-17,56.47,55.5,58.98,54.21,351.98K
2014-12-18,54.11,55.83,58.73,54.05,106.32K
2014-12-19,56.52,55.5,56.91,54.2,26.47K
2014-12-22,55.26,57.75,58.53,55.13,277.32K
2014-12-23,57.12,55.39,57.56,55.06,274.00K
2014-12-24,55.84,56.8,57.15,55.07,174.97K
2014-12-25,55.92,55.87,56.05,55.73,-
2014-12-26,54.73,55.86,56.59,54.51,127.20K
2014-12-29,53.61,55.05,55.74,52.9,241.38K
2014-12-30,54.12,53.72,54.32,52.7,218.56K
2014-12-31,53.27,53.87,54.02,52.44,233.52K
2015-01-01,54.56,53.73,54.85,53.72,-
2015-01-02,52.69,53.76,55.11,52.03,268.71K
2015-01-05,50.04,52.61,52.73,49.68,375.78K
2015-01-06,47.93,50.0,50.37,47.55,451.64K
2015-01-07,48.65,48.0,49.31,46.83,460.08K
2015-01-08,48.79,48.78,49.65,47.73,362.08K
2015-01-09,48.36,48.92,49.61,47.16,421.01K
2015-01-12,46.07,48.19,48.19,45.62,394.95K
2015-01-13,45.89,45.69,46.79,44.2,476.54K
2015-01-14,48.48,46.16,48.91,45.01,510.25K
2015-01-15,46.25,48.6,51.27,46.07,478.34K
2015-01-16,48.69,46.35,48.87,45.95,175.63K
2015-01-18,48.85,48.95,49.06,48.78,-
2015-01-19,47.78,48.84,49.19,47.64,-
2015-01-20,46.39,48.69,48.77,45.89,49.74K
2015-01-21,47.78,46.69,48.2,46.55,340.25K
2015-01-22,46.31,47.35,49.09,45.87,426.83K
2015-01-23,45.59,46.63,47.76,45.21,374.29K
2015-01-26,45.15,45.2,46.41,44.35,310.64K
2015-01-27,46.23,45.13,46.55,44.81,313.14K
2015-01-28,44.45,45.83,45.83,44.08,365.44K
2015-01-29,44.53,44.43,44.96,43.58,300.73K
2015-01-30,48.24,44.63,48.35,44.31,454.14K
2015-02-02,49.57,47.59,50.56,46.67,511.41K
2015-02-03,53.05,49.79,54.24,49.69,644.92K
2015-02-04,48.45,51.67,52.56,47.95,577.52K
2015-02-05,50.48,48.67,52.1,47.36,596.85K
2015-02-06,51.69,50.86,53.16,50.72,584.98K
2015-02-09,52.86,52.01,53.99,51.65,536.36K
2015-02-10,50.02,52.43,52.65,49.86,501.70K
2015-02-11,48.84,50.98,51.14,48.05,519.27K
2015-02-12,51.21,49.42,51.6,49.14,563.66K
2015-02-13,52.78,51.35,53.43,51.03,437.07K
2015-02-15,54.06,53.75,54.42,53.71,-
2015-02-16,53.61,54.04,54.08,52.92,-
2015-02-17,53.53,52.75,54.15,50.81,518.80K
2015-02-18,52.14,53.24,53.41,50.32,257.48K
2015-02-19,51.16,50.55,52.14,49.15,125.21K
2015-02-20,50.34,51.24,51.85,49.91,30.66K
2015-02-23,49.45,50.75,50.99,48.67,475.38K
2015-02-24,49.28,49.42,50.33,48.68,293.10K
2015-02-25,50.99,49.16,51.28,48.43,429.52K
2015-02-26,48.17,51.0,51.22,47.8,459.58K
2015-02-27,49.76,48.97,49.94,48.46,399.49K
2015-03-02,49.59,49.45,51.04,48.71,427.18K
2015-03-03,50.52,49.8,50.83,49.45,370.60K
2015-03-04,51.53,50.61,51.99,49.6,463.99K
2015-03-05,50.76,51.62,52.4,50.61,370.95K
2015-03-06,49.61,50.89,51.22,48.88,406.84K
2015-03-09,50.0,49.6,50.79,49.25,409.88K
2015-03-10,48.29,50.08,50.36,48.2,395.76K
2015-03-11,48.17,48.77,49.05,47.33,404.59K
2015-03-12,47.05,48.44,48.76,46.86,358.38K
2015-03-13,44.84,46.93,47.28,44.75,395.72K
2015-03-16,43.88,44.81,45.0,42.85,367.60K
2015-03-17,43.46,43.84,44.2,42.41,346.31K
2015-03-18,44.66,42.51,45.34,42.03,220.64K
2015-03-19,43.96,44.6,44.71,42.75,106.91K
2015-03-20,45.72,43.99,46.53,43.31,22.46K
2015-03-23,47.45,46.41,47.61,45.33,292.42K
2015-03-24,47.51,47.46,48.56,46.67,309.55K
2015-03-25,49.21,47.72,49.46,47.0,398.80K
2015-03-26,51.43,49.02,52.48,48.73,515.28K
2015-03-27,48.87,51.01,51.38,48.21,384.09K
2015-03-30,48.68,48.57,49.16,47.61,355.87K
2015-03-31,47.6,48.73,48.73,47.28,365.75K
2015-04-01,50.09,47.55,50.45,47.05,451.10K
2015-04-02,49.14,49.59,50.27,48.11,453.39K
2015-04-03,49.14,49.14,49.14,49.14,-
2015-04-06,52.14,49.47,52.24,49.47,325.28K
2015-04-07,53.98,51.95,54.13,51.17,548.87K
2015-04-08,50.42,53.18,53.23,50.37,552.63K
2015-04-09,50.79,51.0,52.07,50.51,449.53K
2015-04-10,51.64,50.73,51.93,50.08,395.14K
2015-04-13,51.91,51.81,53.1,51.47,375.53K
2015-04-14,53.29,52.05,53.79,51.83,431.03K
2015-04-15,56.39,53.55,56.69,53.39,508.90K
2015-04-16,56.71,55.92,57.42,55.07,413.13K
2015-04-17,55.74,56.56,56.88,55.31,230.62K
2015-04-20,56.38,56.16,57.17,54.85,112.38K
2015-04-21,55.26,56.41,56.91,55.01,29.60K
2015-04-22,56.16,56.34,57.19,55.73,329.63K
2015-04-23,57.74,56.28,58.41,55.76,415.57K
2015-04-24,57.15,57.53,57.95,56.5,328.32K
2015-04-27,56.99,57.3,57.89,56.52,250.56K
2015-04-28,57.06,56.65,57.83,56.07,281.86K
2015-04-29,58.58,56.93,59.33,56.54,411.10K
2015-04-30,59.63,58.55,59.85,58.38,340.32K
2015-05-01,59.15,59.79,59.9,58.32,244.75K
2015-05-04,58.93,59.3,59.73,58.45,215.05K
2015-05-05,60.4,58.95,61.1,58.63,389.74K
2015-05-06,60.93,60.72,62.58,60.54,423.58K
2015-05-07,58.94,60.69,61.31,58.49,437.02K
2015-05-08,59.39,59.02,59.9,58.14,434.58K
2015-05-11,59.25,59.43,59.85,58.75,332.69K
2015-05-12,60.75,59.27,61.36,59.12,397.35K
2015-05-13,60.5,61.23,61.85,60.02,426.84K
2015-05-14,59.88,60.1,60.84,59.36,361.43K
2015-05-15,59.69,59.67,59.97,58.42,222.09K
2015-05-18,59.43,59.85,60.88,59.06,144.39K
2015-05-19,57.26,59.54,59.63,57.09,30.30K
2015-05-20,58.98,58.32,59.04,58.1,287.13K
2015-05-21,60.72,58.81,60.94,58.69,329.77K
2015-05-22,59.72,60.66,60.8,59.35,230.31K
2015-05-24,59.92,60.01,60.01,59.78,-
2015-05-25,59.85,59.93,60.24,59.11,-
2015-05-26,58.03,60.05,60.25,57.71,330.13K
2015-05-27,57.51,58.32,58.95,57.36,314.92K
2015-05-28,57.68,57.63,58.07,56.51,340.68K
2015-05-29,60.3,57.97,60.7,57.72,452.22K
2015-06-01,60.2,60.29,60.64,59.33,292.19K
2015-06-02,61.26,60.18,61.58,60.09,344.51K
2015-06-03,59.64,61.02,61.43,59.34,371.30K
2015-06-04,58.0,59.57,59.94,57.83,363.35K
2015-06-05,59.13,57.99,59.23,56.83,461.02K
2015-06-08,58.14,58.96,59.13,57.86,339.85K
2015-06-09,60.14,58.31,60.68,58.23,405.49K
2015-06-10,61.43,60.58,61.82,60.45,459.77K
2015-06-11,60.77,61.14,61.53,60.21,352.42K
2015-06-12,59.96,60.55,60.63,59.73,246.90K
2015-06-15,59.52,59.9,59.98,58.73,275.19K
2015-06-16,59.97,59.6,60.37,59.42,233.94K
2015-06-17,59.92,60.03,61.38,58.85,396.16K
2015-06-18,60.45,59.78,60.89,59.25,181.88K
2015-06-19,59.61,60.5,60.56,58.88,116.66K
2015-06-22,59.68,59.44,60.3,58.93,26.74K
2015-06-23,61.01,60.21,61.49,59.55,336.22K
2015-06-24,60.27,61.14,61.57,59.8,312.99K
2015-06-25,59.7,60.22,60.46,59.43,222.34K
2015-06-26,59.63,59.66,59.96,58.76,231.96K
2015-06-29,58.33,58.84,59.27,58.04,286.04K
2015-06-30,59.47,58.27,59.69,57.94,282.48K
2015-07-01,56.96,58.98,58.98,56.68,373.41K
2015-07-02,56.93,56.87,57.95,56.5,297.05K
2015-07-03,55.52,56.6,56.78,55.42,-
2015-07-06,52.53,56.42,56.79,52.41,540.61K
2015-07-07,52.33,52.75,53.43,50.58,527.27K
2015-07-08,51.65,52.91,52.96,50.91,434.75K
2015-07-09,52.78,51.83,53.54,51.48,382.33K
2015-07-10,52.74,52.48,53.89,51.96,349.08K
2015-07-13,52.2,52.15,53.17,51.26,359.48K
2015-07-14,53.04,52.0,53.43,50.88,422.76K
2015-07-15,51.41,53.4,53.5,51.21,334.56K
2015-07-16,50.91,51.62,52.17,50.84,319.17K
2015-07-17,50.89,50.91,51.23,50.14,203.49K
2015-07-20,50.15,50.76,51.26,49.85,102.60K
2015-07-21,50.36,49.95,51.02,49.77,23.13K
2015-07-22,49.19,50.71,50.71,49.04,347.99K
2015-07-23,48.45,49.23,49.63,48.21,316.06K
2015-07-24,48.14,48.79,49.03,47.72,278.23K
2015-07-27,47.39,48.0,48.2,46.91,273.61K
2015-07-28,47.98,47.02,48.44,46.68,338.11K
2015-07-29,48.79,47.81,49.52,47.39,366.89K
2015-07-30,48.52,48.83,49.36,48.34,247.66K
2015-07-31,47.12,48.47,48.62,46.7,334.47K
2015-08-03,45.17,46.86,46.94,45.08,371.09K
2015-08-04,45.74,45.35,46.23,45.29,285.79K
2015-08-05,45.15,45.96,46.7,44.83,367.33K
2015-08-06,44.66,45.16,45.27,44.2,360.98K
2015-08-07,43.87,44.82,45.16,43.7,400.07K
2015-08-10,44.96,43.58,45.01,43.35,491.43K
2015-08-11,43.08,44.81,45.34,42.69,538.01K
2015-08-12,43.3,43.27,43.87,42.8,492.27K
2015-08-13,42.23,43.34,43.72,41.91,420.15K
2015-08-14,42.5,42.23,42.96,41.35,317.21K
2015-08-17,41.87,42.18,42.69,41.64,314.28K
2015-08-18,42.62,41.88,42.9,41.43,200.19K
2015-08-19,40.8,42.41,42.68,40.4,107.58K
2015-08-20,41.14,40.58,41.48,40.21,24.78K
2015-08-21,40.45,41.03,41.4,39.86,377.18K
2015-08-24,38.24,40.3,40.47,37.75,468.37K
2015-08-25,39.31,38.18,39.89,38.16,375.65K
2015-08-26,38.6,39.69,39.86,38.52,368.72K
2015-08-27,42.56,38.96,42.86,38.95,533.68K
2015-08-28,45.22,42.68,45.9,41.78,666.33K
2015-08-31,49.2,45.0,49.33,43.6,757.50K
2015-09-01,45.41,48.1,48.87,44.15,713.42K
2015-09-02,46.25,44.26,46.77,43.21,689.30K
2015-09-03,46.75,46.11,48.42,45.65,539.45K
2015-09-04,46.05,46.68,47.23,45.61,385.63K
2015-09-06,45.72,45.72,45.87,45.61,-
2015-09-07,44.7,45.72,45.92,44.15,-
2015-09-08,45.94,45.82,46.41,44.14,508.82K
2015-09-09,44.15,45.79,46.26,44.05,422.74K
2015-09-10,45.92,44.16,46.04,43.36,498.99K
2015-09-11,44.63,45.71,45.88,44.16,395.84K
2015-09-14,44.0,44.78,44.97,43.59,326.27K
2015-09-15,44.59,44.11,45.25,43.92,335.95K
2015-09-16,47.15,45.16,47.35,44.82,421.98K
2015-09-17,46.9,47.13,47.71,46.33,366.39K
2015-09-18,44.68,46.89,47.03,44.24,211.30K
2015-09-21,46.68,44.97,46.74,44.69,104.53K
2015-09-22,45.83,46.45,46.48,45.14,29.99K
2015-09-23,44.48,46.54,47.15,44.41,411.96K
2015-09-24,44.91,44.62,45.18,43.71,371.98K
2015-09-25,45.7,45.05,46.38,44.86,338.62K
2015-09-28,44.43,45.38,45.5,44.3,273.91K
2015-09-29,45.23,44.5,45.7,44.3,265.18K
2015-09-30,45.09,44.92,45.85,44.68,355.85K
2015-10-01,44.74,45.38,47.1,44.63,478.98K
2015-10-02,45.54,45.07,45.81,43.97,420.74K
2015-10-05,46.26,45.65,46.94,45.21,323.06K
2015-10-06,48.53,46.2,49.08,45.73,453.10K
2015-10-07,47.81,49.0,49.71,47.7,547.49K
2015-10-08,49.43,48.11,50.07,47.76,509.76K
2015-10-09,49.63,49.69,50.92,49.17,508.68K
2015-10-12,47.1,49.51,50.13,47.04,408.66K
2015-10-13,46.66,47.46,48.43,46.44,465.39K
2015-10-14,46.64,46.69,46.96,45.94,348.24K
2015-10-15,46.38,46.28,47.02,45.23,370.94K
2015-10-16,47.26,46.87,47.5,46.16,198.13K
2015-10-19,45.89,47.27,47.49,45.85,125.84K
2015-10-20,45.55,46.25,46.52,45.23,38.95K
2015-10-21,45.2,45.88,46.08,44.86,384.29K
2015-10-22,45.38,45.27,46.1,44.9,322.74K
2015-10-23,44.6,45.44,45.75,44.2,406.58K
2015-10-26,43.98,44.74,44.94,43.64,302.08K
2015-10-27,43.2,43.78,43.91,42.58,370.83K
2015-10-28,45.94,43.44,46.22,43.06,521.52K
2015-10-29,46.06,46.06,46.79,45.16,436.51K
2015-10-30,46.59,45.74,47.03,45.48,363.31K
2015-11-02,46.14,46.43,46.73,45.56,305.52K
2015-11-03,47.9,46.11,48.36,45.96,434.57K
2015-11-04,46.32,47.74,48.28,46.17,459.31K
2015-11-05,45.2,46.57,46.65,45.12,437.65K
2015-11-06,44.29,45.41,45.64,44.11,448.13K
2015-11-09,43.87,44.52,45.12,43.64,487.99K
2015-11-10,44.21,44.1,44.76,43.57,445.97K
2015-11-11,42.93,43.63,44.11,42.62,502.37K
2015-11-12,41.75,43.05,43.33,41.54,545.35K
2015-11-13,40.74,41.61,42.21,40.22,480.89K
2015-11-16,41.74,40.92,42.25,40.06,535.18K
2015-11-17,40.67,41.96,42.03,40.58,363.71K
2015-11-18,40.75,41.11,41.55,39.91,251.52K
2015-11-19,40.54,40.72,41.05,39.89,131.36K
2015-11-20,40.39,40.54,40.99,38.99,33.71K
2015-11-23,41.75,41.49,42.75,40.41,516.19K
2015-11-24,42.87,42.04,43.46,41.86,430.30K
2015-11-25,43.04,42.69,43.25,41.72,383.16K
2015-11-26,42.59,43.08,43.29,42.3,-
2015-11-27,41.71,43.25,43.3,41.67,316.48K
2015-11-30,41.65,41.77,42.61,41.5,369.51K
2015-12-01,41.85,41.73,42.23,41.17,415.54K
2015-12-02,39.94,41.69,41.97,39.84,545.29K
2015-12-03,41.08,40.15,41.78,40.07,496.88K
2015-12-04,39.97,41.31,42.0,39.6,510.76K
2015-12-07,37.65,40.1,40.15,37.5,635.41K
2015-12-08,37.51,37.68,38.58,36.64,767.18K
2015-12-09,37.16,37.86,38.99,36.87,646.17K
2015-12-10,36.76,37.27,37.54,36.38,513.94K
2015-12-11,35.62,36.63,36.84,35.16,505.41K
2015-12-14,36.31,35.4,36.7,34.53,550.48K
2015-12-15,37.35,36.32,37.88,36.03,474.16K
2015-12-16,35.52,36.79,37.35,35.29,402.97K
2015-12-17,34.95,35.8,35.84,34.63,196.23K
2015-12-18,34.73,34.87,35.57,34.29,116.04K
2015-12-21,34.74,34.58,34.86,33.98,27.29K
2015-12-22,36.14,35.8,36.54,35.66,302.26K
2015-12-23,37.5,36.47,37.95,36.28,374.66K
2015-12-24,38.1,37.86,38.28,37.38,205.87K
2015-12-28,36.81,38.0,38.09,36.6,220.64K
2015-12-29,37.87,36.7,37.94,36.66,241.95K
2015-12-30,36.6,37.36,37.4,36.4,267.91K
2015-12-31,37.04,36.81,37.79,36.22,283.62K
2016-01-04,36.76,37.6,38.39,36.33,431.99K
2016-01-05,35.97,36.9,37.1,35.74,410.13K
2016-01-06,33.97,36.18,36.39,33.77,563.81K
2016-01-07,33.27,34.09,34.26,32.1,617.41K
2016-01-08,33.16,33.3,34.34,32.64,596.50K
2016-01-11,31.41,32.94,33.2,30.88,648.64K
2016-01-12,30.44,31.11,32.21,29.93,627.22K
2016-01-13,30.48,30.54,31.71,30.1,637.90K
2016-01-14,31.2,30.6,31.77,30.28,537.91K
2016-01-15,29.42,31.18,31.18,29.13,329.09K
2016-01-17,29.75,30.68,30.68,29.36,-
2016-01-18,30.02,29.76,30.88,29.67,-
2016-01-19,28.46,29.2,30.21,28.21,188.03K
2016-01-20,26.55,28.33,28.58,26.19,32.11K
2016-01-21,29.53,28.35,30.25,27.87,694.04K
2016-01-22,32.19,29.84,32.35,29.53,636.57K
2016-01-25,30.34,32.05,32.74,29.68,606.89K
2016-01-26,31.45,29.81,32.41,29.25,642.43K
2016-01-27,32.3,30.55,32.84,30.14,738.55K
2016-01-28,33.22,32.19,34.82,31.74,833.38K
2016-01-29,33.62,33.7,34.4,32.65,618.11K
2016-02-01,31.62,33.83,34.18,31.29,595.61K
2016-02-02,29.88,31.37,31.53,29.57,602.56K
2016-02-03,32.28,29.75,32.75,29.4,811.70K
2016-02-04,31.72,32.71,33.6,31.53,696.72K
2016-02-05,30.89,31.64,32.45,30.63,616.53K
2016-02-08,29.69,30.97,31.38,29.57,603.65K
2016-02-09,27.94,30.17,30.61,27.74,738.22K
2016-02-10,27.45,28.36,29.22,27.24,781.28K
2016-02-11,26.21,27.34,27.48,26.05,795.97K
2016-02-12,29.44,27.3,29.66,26.95,675.16K
2016-02-14,29.08,29.06,29.18,28.97,-
2016-02-15,30.6,29.08,30.69,28.97,-
2016-02-16,29.04,29.08,31.53,28.7,651.96K
2016-02-17,30.66,29.14,31.49,28.73,578.64K
2016-02-18,30.77,31.35,31.98,30.27,225.50K
2016-02-19,29.64,30.6,30.73,29.05,103.20K
2016-02-22,31.48,29.72,32.05,29.48,26.32K
2016-02-23,31.87,33.34,33.53,31.22,539.38K
2016-02-24,32.15,31.28,32.4,30.56,652.25K
2016-02-25,33.07,32.19,33.49,31.07,611.87K
2016-02-26,32.78,33.04,34.69,32.64,646.29K
2016-02-29,33.75,32.72,33.98,32.32,512.47K
2016-03-01,34.4,33.9,34.76,33.37,566.23K
2016-03-02,34.66,33.89,35.17,33.55,597.83K
2016-03-03,34.57,34.73,35.32,34.19,512.96K
2016-03-04,35.92,34.66,36.34,34.4,578.29K
2016-03-07,37.9,36.2,38.11,36.09,709.87K
2016-03-08,36.5,37.94,38.39,36.12,706.93K
2016-03-09,38.29,36.36,38.51,36.24,740.63K
2016-03-10,37.84,38.17,38.48,37.21,701.44K
2016-03-11,38.5,37.99,39.02,37.92,564.79K
2016-03-14,37.18,38.17,38.77,36.68,489.94K
2016-03-15,36.34,37.37,37.4,35.96,446.10K
2016-03-16,38.46,36.74,38.63,36.61,494.17K
2016-03-17,40.2,38.59,40.36,38.47,298.01K
2016-03-18,39.44,40.25,41.2,39.15,130.15K
2016-03-21,39.91,39.06,40.3,38.61,31.92K
2016-03-22,41.45,41.59,41.9,40.77,463.69K
2016-03-23,39.79,41.19,41.34,39.67,492.00K
2016-03-24,39.46,39.73,39.77,38.33,495.17K
2016-03-28,39.39,39.55,40.14,38.86,299.78K
2016-03-29,38.28,39.32,39.48,37.91,488.03K
2016-03-30,38.32,38.52,39.85,38.14,542.47K
2016-03-31,38.34,38.3,39.04,37.57,532.15K
2016-04-01,36.79,38.14,38.56,36.63,547.19K
2016-04-04,35.7,36.61,37.21,35.46,549.48K
2016-04-05,35.89,35.5,36.58,35.24,485.54K
2016-04-06,37.75,36.52,37.9,36.43,751.05K
2016-04-07,37.26,37.76,38.3,36.69,626.75K
2016-04-08,39.72,37.52,39.84,37.45,817.23K
2016-04-11,40.36,39.72,40.75,39.25,679.35K
2016-04-12,42.17,40.35,42.25,40.09,796.84K
2016-04-13,41.76,41.63,42.42,41.24,730.44K
2016-04-14,41.5,41.54,42.16,40.84,488.61K
2016-04-15,40.36,41.43,41.73,39.98,520.15K
2016-04-18,39.78,38.75,40.24,37.61,342.46K
2016-04-19,41.08,40.04,41.53,39.58,101.73K
2016-04-20,42.63,40.8,42.91,39.85,30.09K
2016-04-21,43.18,43.97,44.49,43.05,671.10K
2016-04-22,43.73,43.42,44.45,43.11,575.11K
2016-04-25,42.64,43.75,44.04,42.58,606.38K
2016-04-26,44.04,42.96,44.83,42.5,564.39K
2016-04-27,45.33,44.64,45.62,43.77,648.03K
2016-04-28,46.03,45.3,46.14,44.94,487.41K
2016-04-29,45.92,45.9,46.78,45.24,598.44K
2016-05-02,44.78,45.9,46.15,44.54,464.03K
2016-05-03,43.65,44.92,45.35,43.32,625.55K
2016-05-04,43.78,43.85,44.88,43.22,711.13K
2016-05-05,44.32,44.04,46.07,43.96,746.16K
2016-05-06,44.66,44.52,45.34,43.54,695.31K
2016-05-09,43.44,45.0,45.94,43.24,767.57K
2016-05-10,44.66,43.25,44.79,43.03,709.42K
2016-05-11,46.23,44.6,46.36,43.96,869.96K
2016-05-12,46.7,46.0,47.02,45.61,715.10K
2016-05-13,46.21,46.41,46.49,45.75,519.36K
2016-05-16,47.72,46.28,47.98,46.15,550.86K
2016-05-17,48.31,47.9,48.76,47.53,470.44K
2016-05-18,48.19,48.53,48.95,47.75,343.18K
2016-05-19,48.16,47.87,48.28,46.73,108.82K
2016-05-20,47.75,48.2,48.79,47.44,28.52K
2016-05-23,48.08,48.46,48.5,47.4,475.45K
2016-05-24,48.62,48.08,49.27,47.64,475.97K
2016-05-25,49.56,49.09,49.75,48.65,550.50K
2016-05-26,49.48,49.7,50.21,49.22,488.47K
2016-05-27,49.33,49.31,49.6,48.69,406.39K
2016-05-29,49.58,49.54,49.71,49.54,-
2016-05-30,49.51,49.56,49.75,49.08,-
2016-05-31,49.1,49.54,50.1,48.81,476.99K
2016-06-01,49.01,48.82,49.25,47.75,568.84K
2016-06-02,49.17,48.9,49.47,47.97,564.85K
2016-06-03,48.62,49.04,49.41,48.33,481.03K
2016-06-06,49.69,48.88,49.9,48.71,450.47K
2016-06-07,50.36,49.71,50.53,49.44,542.25K
2016-06-08,51.23,50.41,51.62,50.32,656.42K
2016-06-09,50.56,51.45,51.67,50.23,560.72K
2016-06-10,49.07,50.47,50.73,48.8,596.12K
2016-06-13,48.88,48.85,49.28,48.16,506.04K
2016-06-14,48.49,48.52,48.69,47.84,456.14K
2016-06-15,48.01,47.9,48.72,47.28,527.87K
2016-06-16,46.21,47.45,47.75,45.91,507.91K
2016-06-17,47.98,45.99,48.29,45.83,226.65K
2016-06-20,49.37,48.29,49.42,48.14,98.29K
2016-06-21,48.85,49.14,49.32,48.16,30.11K
2016-06-22,49.13,50.22,50.54,48.4,569.94K
2016-06-23,50.11,49.08,50.23,49.08,401.89K
2016-06-24,47.64,50.3,50.45,46.7,649.45K
2016-06-27,46.33,47.81,47.96,45.83,504.61K
2016-06-28,47.85,46.59,48.18,46.54,498.85K
2016-06-29,49.88,48.06,50.0,47.98,511.48K
2016-06-30,48.33,49.55,49.62,48.17,508.74K
2016-07-01,48.99,48.38,49.3,47.9,405.19K
2016-07-03,49.01,49.14,49.22,48.94,-
2016-07-04,48.65,49.01,49.35,48.54,-
2016-07-05,46.6,49.11,49.35,46.33,609.19K
2016-07-06,47.43,46.83,47.95,45.92,607.66K
2016-07-07,45.14,47.88,48.25,44.87,710.89K
2016-07-08,45.41,45.19,45.97,44.77,583.08K
2016-07-11,44.76,45.07,45.77,44.42,533.66K
2016-07-12,46.8,44.58,46.93,44.51,658.26K
2016-07-13,44.75,46.58,46.71,44.56,686.25K
2016-07-14,45.68,45.14,45.8,44.95,573.76K
2016-07-15,45.95,45.52,46.33,45.05,430.26K
2016-07-18,45.24,46.12,46.14,44.86,211.39K
2016-07-19,44.65,45.23,45.67,44.53,128.13K
2016-07-20,44.94,44.59,45.25,43.69,29.39K
2016-07-21,44.75,45.65,46.09,44.52,432.97K
2016-07-22,44.19,44.6,44.97,43.74,428.41K
2016-07-25,43.13,44.2,44.37,42.97,389.84K
2016-07-26,42.92,43.07,43.39,42.36,461.32K
2016-07-27,41.92,42.66,43.2,41.68,537.39K
2016-07-28,41.14,41.93,42.22,41.04,447.91K
2016-07-29,41.6,41.12,41.67,40.57,478.76K
2016-08-01,40.06,41.35,41.88,39.82,533.02K
2016-08-02,39.51,40.08,40.91,39.26,534.51K
2016-08-03,40.83,39.7,41.2,39.19,655.19K
2016-08-04,41.93,41.16,42.08,40.43,598.84K
2016-08-05,41.8,41.84,42.1,41.06,550.19K
2016-08-08,43.02,41.99,43.39,41.81,562.53K
2016-08-09,42.77,42.83,43.52,42.47,624.70K
2016-08-10,41.71,42.74,43.39,41.42,676.15K
2016-08-11,43.49,41.48,43.86,41.1,682.24K
2016-08-12,44.49,43.46,44.78,43.31,536.08K
2016-08-15,45.74,44.74,45.93,44.38,522.53K
2016-08-16,46.58,45.59,46.73,45.34,550.44K
2016-08-17,46.79,46.37,46.95,45.84,563.35K
2016-08-18,48.22,46.9,48.38,46.63,229.28K
2016-08-19,48.52,48.33,48.75,47.93,162.44K
2016-08-22,47.05,48.4,48.4,46.75,36.53K
2016-08-23,48.1,47.39,48.32,46.59,623.90K
2016-08-24,46.77,47.59,47.74,46.45,603.50K
2016-08-25,47.33,46.8,47.46,46.42,458.82K
2016-08-26,47.64,47.37,48.46,46.94,558.34K
2016-08-29,46.98,47.22,47.28,46.62,309.25K
2016-08-30,46.35,46.98,47.49,46.21,464.45K
2016-08-31,44.7,46.24,46.41,44.51,549.01K
2016-09-01,43.16,44.85,45.08,43.0,605.00K
2016-09-02,44.44,43.55,44.67,43.16,576.92K
2016-09-04,44.11,44.15,44.38,44.1,-
2016-09-05,45.07,44.12,46.53,44.07,-
2016-09-06,44.83,44.15,46.53,43.84,932.15K
2016-09-07,45.5,44.85,46.17,44.55,572.88K
2016-09-08,47.62,46.12,47.75,45.77,761.94K
2016-09-09,45.88,47.36,47.36,45.56,688.19K
2016-09-12,46.29,45.57,46.51,44.72,745.02K
2016-09-13,44.9,46.06,46.13,44.77,657.78K
2016-09-14,43.58,45.0,45.33,43.42,705.86K
2016-09-15,43.91,43.7,44.34,43.26,537.19K
2016-09-16,43.03,43.71,43.75,42.74,231.19K
2016-09-19,43.3,43.18,44.15,43.12,129.86K
2016-09-20,43.44,43.13,44.05,42.55,37.38K
2016-09-21,45.34,44.5,45.65,44.5,585.99K
2016-09-22,46.32,45.62,46.52,45.52,521.68K
2016-09-23,44.48,46.07,46.55,44.22,718.40K
2016-09-26,45.93,44.62,46.2,44.43,527.12K
2016-09-27,44.67,45.62,45.96,44.19,630.76K
2016-09-28,47.05,44.96,47.45,44.35,1.01M
2016-09-29,47.83,47.2,48.32,46.6,702.65K
2016-09-30,48.24,47.76,48.3,47.04,496.52K
2016-10-03,48.81,48.04,49.02,47.78,458.02K
2016-10-04,48.69,48.65,49.26,48.26,513.71K
2016-10-05,49.83,49.26,49.97,49.1,520.07K
2016-10-06,50.44,49.65,50.63,49.33,547.92K
2016-10-07,49.81,50.59,50.74,49.4,618.81K
2016-10-10,51.35,49.57,51.6,49.15,686.07K
2016-10-11,50.79,51.1,51.54,50.39,765.61K
2016-10-12,50.18,50.84,51.17,49.89,533.88K
2016-10-13,50.44,50.0,50.59,49.36,740.68K
2016-10-14,50.35,50.58,51.14,49.9,519.43K
2016-10-17,49.94,50.23,50.58,49.47,418.72K
2016-10-18,50.29,50.04,50.78,49.76,192.80K
2016-10-19,51.6,50.77,51.93,50.69,132.43K
2016-10-20,50.43,51.4,51.58,50.25,24.86K
2016-10-21,50.85,50.66,51.02,50.21,551.30K
2016-10-24,50.52,50.85,50.98,49.62,623.40K
2016-10-25,49.96,50.49,50.93,49.27,553.78K
2016-10-26,49.18,49.31,50.1,48.87,679.32K
2016-10-27,49.72,49.22,50.06,49.0,543.17K
2016-10-28,48.7,49.61,49.81,48.42,550.08K
2016-10-31,46.86,48.25,48.74,46.63,649.24K
2016-11-01,46.67,46.77,47.35,46.2,834.99K
2016-11-02,45.34,46.32,46.47,44.96,674.32K
2016-11-03,44.66,45.48,45.9,44.37,540.44K
2016-11-04,44.07,44.63,44.87,43.57,736.69K
2016-11-07,44.89,44.45,45.01,44.11,605.73K
2016-11-08,44.98,44.97,45.39,44.41,669.64K
2016-11-09,45.27,44.82,45.95,43.07,946.51K
2016-11-10,44.66,45.31,45.64,44.25,686.34K
2016-11-11,43.41,44.35,44.63,43.03,631.14K
2016-11-14,43.32,43.2,43.81,42.2,704.77K
2016-11-15,45.81,43.76,46.09,43.55,706.18K
2016-11-16,45.57,45.77,46.41,45.03,658.17K
2016-11-17,45.42,45.37,46.58,44.88,284.87K
2016-11-18,45.69,44.93,45.77,44.55,155.65K
2016-11-21,47.49,45.83,47.8,45.77,34.92K
2016-11-22,48.03,48.37,49.2,47.17,826.21K
2016-11-23,47.96,47.94,48.43,47.4,556.86K
2016-11-24,47.98,48.03,48.26,47.8,-
2016-11-25,46.06,47.97,48.26,45.88,465.98K
2016-11-28,47.08,45.43,47.65,45.14,734.38K
2016-11-29,45.23,46.88,46.98,44.82,732.82K
2016-11-30,49.44,45.24,49.9,45.22,1.31M
2016-12-01,51.06,49.07,51.8,48.98,974.81K
2016-12-02,51.68,51.01,51.73,50.18,667.10K
2016-12-05,51.79,51.46,52.42,50.93,600.78K
2016-12-06,50.93,50.97,51.6,50.28,642.75K
2016-12-07,49.77,50.93,51.2,49.72,816.88K
2016-12-08,50.84,49.88,50.98,49.61,780.06K
2016-12-09,51.5,50.92,51.66,50.86,652.04K
2016-12-12,52.83,52.58,54.51,52.18,847.03K
2016-12-13,52.98,52.51,53.41,52.35,638.40K
2016-12-14,51.04,52.45,52.78,50.67,677.96K
2016-12-15,50.9,50.79,51.48,49.95,551.76K
2016-12-16,51.9,51.1,52.08,50.5,252.57K
2016-12-19,52.12,52.15,52.52,51.51,129.99K
2016-12-20,52.23,52.11,52.7,51.85,26.17K
2016-12-21,52.49,53.56,53.79,52.32,471.99K
2016-12-22,52.95,52.52,53.19,52.08,393.49K
2016-12-23,53.02,52.68,53.28,52.26,285.17K
2016-12-26,53.19,53.33,53.34,53.14,-
2016-12-27,53.9,53.29,54.1,53.03,277.31K
2016-12-28,54.06,53.93,54.37,53.56,322.54K
2016-12-29,53.77,53.66,54.21,53.46,360.19K
2016-12-30,53.72,53.87,54.09,53.41,271.09K
2017-01-02,54.03,54.09,54.18,54.01,-
2017-01-03,52.33,54.2,55.24,52.11,727.79K
2017-01-04,53.26,52.49,53.43,52.15,512.64K
2017-01-05,53.76,53.39,54.12,52.79,517.36K
2017-01-06,53.99,53.73,54.32,53.32,528.33K
2017-01-09,51.96,53.75,53.83,51.76,564.89K
2017-01-10,50.82,51.83,52.37,50.71,632.57K
2017-01-11,52.25,50.81,52.78,50.75,815.85K
2017-01-12,53.01,52.37,53.5,52.12,660.70K
2017-01-13,52.37,53.05,53.17,52.27,477.99K
2017-01-15,52.45,52.53,52.56,52.39,-
2017-01-16,52.52,52.46,52.72,52.13,-
2017-01-17,52.48,52.55,53.52,52.12,606.02K
2017-01-18,51.08,52.52,52.79,50.91,236.24K
2017-01-19,51.37,51.39,51.87,51.02,122.59K
2017-01-20,52.42,51.45,52.9,51.39,-
2017-01-23,52.75,53.33,53.47,52.21,455.33K
2017-01-24,53.18,52.86,53.56,52.67,520.29K
2017-01-25,52.75,52.95,53.47,52.56,589.71K
2017-01-26,53.78,52.96,54.06,52.79,578.07K
2017-01-27,53.17,53.74,54.08,52.58,495.56K
2017-01-30,52.63,53.15,53.46,52.41,486.31K
2017-01-31,52.81,52.6,53.56,52.24,586.68K
2017-02-01,53.88,52.76,53.91,52.64,577.24K
2017-02-02,53.54,53.57,54.34,53.35,492.55K
2017-02-03,53.83,53.68,54.22,53.4,462.62K
2017-02-06,53.01,53.81,54.13,52.91,425.09K
2017-02-07,52.17,53.14,53.24,51.63,624.06K
2017-02-08,52.34,51.64,52.67,51.22,767.38K
2017-02-09,53.0,52.37,53.21,52.37,610.20K
2017-02-10,53.86,53.15,54.13,52.9,596.45K
2017-02-13,52.93,53.8,53.95,52.77,586.03K
2017-02-14,53.2,52.91,53.72,52.86,493.02K
2017-02-15,53.11,53.0,53.51,52.73,463.64K
2017-02-16,53.36,53.01,53.59,52.68,343.36K
2017-02-17,53.4,53.47,53.52,52.88,195.35K
2017-02-19,53.79,53.86,53.96,53.78,-
2017-02-20,53.97,53.78,54.24,53.73,-
2017-02-21,54.06,53.48,54.68,53.35,44.05K
2017-02-22,53.59,54.26,54.6,53.35,499.48K
2017-02-23,54.45,53.91,54.94,53.87,529.88K
2017-02-24,53.99,54.33,54.51,53.76,395.26K
2017-02-27,54.05,54.02,54.61,53.94,394.38K
2017-02-28,54.01,54.04,54.23,53.18,593.91K
2017-03-01,53.83,53.95,54.44,53.63,491.29K
2017-03-02,52.61,53.69,53.8,52.54,638.39K
2017-03-03,53.33,52.58,53.39,52.55,436.36K
2017-03-06,53.2,53.19,53.56,52.76,503.69K
2017-03-07,53.14,53.17,53.8,52.71,494.68K
2017-03-08,50.28,52.79,52.92,50.05,963.39K
2017-03-09,49.28,50.22,50.84,48.59,1.07M
2017-03-10,48.49,49.61,50.11,48.31,796.96K
2017-03-13,48.4,48.45,48.68,47.9,601.36K
2017-03-14,47.72,48.45,48.79,47.09,857.71K
2017-03-15,48.86,48.76,49.04,48.16,655.79K
2017-03-16,48.75,49.01,49.62,48.45,516.85K
2017-03-17,48.78,48.79,49.2,48.6,172.34K
2017-03-20,48.22,48.7,48.74,47.84,142.26K
2017-03-21,47.34,47.93,48.73,47.23,28.08K
2017-03-22,48.04,48.16,48.32,47.01,680.85K
2017-03-23,47.7,48.15,48.48,47.58,499.88K
2017-03-24,47.97,47.67,48.2,47.54,421.03K
2017-03-27,47.73,48.12,48.28,47.08,466.18K
2017-03-28,48.37,47.89,48.74,47.8,502.38K
2017-03-29,49.51,48.47,49.63,48.38,548.62K
2017-03-30,50.35,49.6,50.47,49.27,580.67K
2017-03-31,50.6,50.32,50.85,49.9,527.61K
2017-04-03,50.24,50.69,50.83,50.12,440.72K
2017-04-04,51.03,50.24,51.3,49.88,532.05K
2017-04-05,51.15,51.18,51.88,50.74,651.40K
2017-04-06,51.7,50.8,51.82,50.77,473.02K
2017-04-07,52.24,51.7,52.94,51.49,796.44K
2017-04-10,53.08,52.31,53.18,52.29,565.44K
2017-04-11,53.4,53.13,53.45,52.7,598.00K
2017-04-12,53.11,53.4,53.76,52.71,629.81K
2017-04-13,53.18,52.85,53.39,52.82,480.84K
2017-04-17,52.65,52.97,53.21,52.55,326.34K
2017-04-18,52.41,52.75,52.85,52.1,202.04K
2017-04-19,50.44,52.36,52.65,50.09,133.17K
2017-04-20,50.27,50.63,50.97,50.18,33.75K
2017-04-21,49.62,50.71,50.93,49.2,687.47K
2017-04-24,49.23,49.68,50.22,49.03,517.90K
2017-04-25,49.56,49.22,49.83,48.87,587.24K
2017-04-26,49.62,49.36,50.2,48.94,655.72K
2017-04-27,48.97,49.22,49.43,48.2,771.19K
2017-04-28,49.33,49.27,49.76,48.8,633.99K
2017-05-01,48.84,49.17,49.32,48.59,364.39K
2017-05-02,47.66,48.78,49.28,47.35,702.38K
2017-05-03,47.82,48.12,48.23,47.3,691.32K
2017-05-04,45.52,47.6,47.75,45.29,943.96K
2017-05-05,46.22,45.51,46.68,43.76,1.02M
2017-05-08,46.43,46.35,46.98,45.73,785.06K
2017-05-09,45.88,46.49,46.78,45.53,701.94K
2017-05-10,47.33,46.18,47.78,46.01,819.80K
2017-05-11,47.83,47.39,48.22,47.34,661.78K
2017-05-12,47.84,47.81,48.07,47.35,537.49K
2017-05-15,48.85,47.85,49.66,47.75,687.15K
2017-05-16,48.66,48.82,49.38,48.17,589.21K
2017-05-17,49.07,48.23,49.5,48.03,650.11K
2017-05-18,49.35,48.93,49.6,48.05,242.75K
2017-05-19,50.33,49.28,50.53,49.28,146.45K
2017-05-22,50.73,50.6,51.06,50.44,30.01K
2017-05-23,51.47,51.04,51.79,50.57,584.14K
2017-05-24,51.36,51.44,51.88,51.03,736.34K
2017-05-25,48.9,51.25,52.0,48.45,1.15M
2017-05-26,49.8,48.75,49.94,48.18,763.92K
2017-05-28,49.94,49.93,50.04,49.85,-
2017-05-29,49.97,49.95,50.29,49.52,-
2017-05-30,49.66,49.93,50.28,49.03,663.49K
2017-05-31,48.32,49.65,49.71,47.73,779.14K
2017-06-01,48.36,48.63,49.17,47.9,774.48K
2017-06-02,47.66,48.04,48.19,46.74,802.66K
2017-06-05,47.4,47.71,48.42,46.86,710.20K
2017-06-06,48.19,47.4,48.4,46.94,825.06K
2017-06-07,45.72,47.98,48.23,45.65,1.18M
2017-06-08,45.64,45.85,46.18,45.2,927.70K
2017-06-09,45.83,45.71,46.18,45.27,735.93K
2017-06-12,46.08,45.8,46.71,45.66,666.77K
2017-06-13,46.46,46.01,46.57,45.56,783.32K
2017-06-14,44.73,45.94,46.49,44.54,924.41K
2017-06-15,44.46,44.69,44.81,44.22,500.94K
2017-06-16,44.74,44.25,44.94,44.24,191.82K
2017-06-19,44.2,44.68,45.06,44.05,123.94K
2017-06-20,43.23,44.11,44.4,42.75,29.57K
2017-06-21,42.53,43.38,44.2,42.05,1.07M
2017-06-22,42.74,42.55,43.32,42.26,668.83K
2017-06-23,43.01,42.8,43.2,42.53,690.91K
2017-06-26,43.38,43.16,43.65,42.63,661.35K
2017-06-27,44.24,43.49,44.44,43.32,759.12K
2017-06-28,44.74,43.7,44.9,43.67,753.38K
2017-06-29,44.93,44.89,45.45,44.65,768.95K
2017-06-30,46.04,44.89,46.35,44.88,677.41K
2017-07-03,47.07,46.28,47.1,45.92,517.62K
2017-07-04,47.13,47.06,47.31,46.74,-
2017-07-05,45.13,47.04,47.32,44.51,1.17M
2017-07-06,45.52,45.65,46.53,45.18,969.68K
2017-07-07,44.23,45.35,45.42,43.78,975.91K
2017-07-10,44.4,44.35,44.84,43.65,848.57K
2017-07-11,45.04,44.58,45.81,43.83,1.01M
2017-07-12,45.49,45.74,46.48,45.11,963.51K
2017-07-13,46.08,45.44,46.28,44.99,748.97K
2017-07-14,46.54,46.08,46.74,45.8,742.90K
2017-07-17,46.02,46.68,46.88,45.89,560.63K
2017-07-18,46.4,45.99,46.92,45.81,208.42K
2017-07-19,47.12,46.25,47.26,46.14,140.68K
2017-07-20,46.79,47.09,47.55,46.66,23.24K
2017-07-21,45.77,46.91,47.21,45.54,769.44K
2017-07-24,46.34,45.62,46.53,45.4,707.91K
2017-07-25,47.89,46.46,48.66,46.38,885.70K
2017-07-26,48.75,48.51,48.87,47.86,887.86K
2017-07-27,49.04,48.7,49.24,48.25,880.76K
2017-07-28,49.71,49.17,49.81,48.86,771.23K
2017-07-31,50.17,49.85,50.41,49.18,781.54K
2017-08-01,49.16,50.21,50.43,48.37,1.01M
2017-08-02,49.59,48.8,49.65,48.55,847.72K
2017-08-03,49.03,49.59,49.96,48.78,837.76K
2017-08-04,49.58,48.95,49.64,48.5,745.66K
2017-08-07,49.39,49.59,49.73,48.54,831.37K
2017-08-08,49.17,49.31,49.79,48.86,924.24K
2017-08-09,49.56,49.0,49.72,48.9,858.25K
2017-08-10,48.59,49.68,50.22,48.35,1.14M
2017-08-11,48.82,48.52,48.98,47.98,804.24K
2017-08-14,47.59,48.79,49.16,47.43,763.24K
2017-08-15,47.55,47.49,47.9,47.02,770.36K
2017-08-16,46.78,47.72,47.99,46.67,815.54K
2017-08-17,47.09,46.8,47.19,46.46,608.31K
2017-08-18,48.51,46.93,48.74,46.78,253.07K
2017-08-21,47.37,48.72,48.75,47.03,129.19K
2017-08-22,47.64,47.45,48.03,47.2,38.40K
2017-08-23,48.41,47.64,48.5,47.53,701.69K
2017-08-24,47.43,48.36,48.43,47.06,831.36K
2017-08-25,47.87,47.62,47.91,47.39,646.52K
2017-08-28,46.57,47.89,48.2,46.15,921.29K
2017-08-29,46.44,46.86,46.96,45.76,895.64K
2017-08-30,45.96,46.31,46.72,45.84,882.98K
2017-08-31,47.23,45.95,47.47,45.58,915.71K
2017-09-01,47.29,47.08,47.35,46.56,742.81K
2017-09-03,47.32,47.31,47.42,47.3,-
2017-09-04,47.41,47.31,47.66,47.16,-
2017-09-05,48.66,47.28,48.98,47.15,1.03M
2017-09-06,49.16,48.59,49.42,48.52,788.96K
2017-09-07,49.09,49.14,49.33,48.63,702.51K
2017-09-08,47.48,49.09,49.26,47.27,843.76K
2017-09-11,48.07,47.58,48.27,47.0,774.47K
2017-09-12,48.23,48.12,48.44,47.73,676.04K
2017-09-13,49.3,48.34,49.4,48.12,706.93K
2017-09-14,49.89,49.31,50.5,49.15,709.04K
2017-09-15,49.89,49.72,50.13,49.41,433.60K
2017-09-18,49.91,49.85,50.33,49.19,189.61K
2017-09-19,49.48,49.91,50.42,49.33,143.38K
2017-09-20,50.41,49.84,50.65,49.75,35.49K
2017-09-21,50.55,50.72,50.81,50.07,580.57K
2017-09-22,50.66,50.73,50.78,50.29,473.80K
2017-09-25,52.22,50.68,52.28,50.39,701.24K
2017-09-26,51.88,52.12,52.43,51.43,709.52K
2017-09-27,52.14,52.09,52.34,51.63,637.04K
2017-09-28,51.56,52.05,52.86,51.22,801.82K
2017-09-29,51.67,51.58,51.77,51.25,551.98K
2017-10-02,50.58,51.64,51.71,50.07,600.93K
2017-10-03,50.42,50.59,50.73,50.14,462.74K
2017-10-04,49.98,50.16,50.67,49.76,598.84K
2017-10-05,50.79,49.88,51.22,49.85,654.39K
2017-10-06,49.29,50.75,50.82,49.1,743.11K
2017-10-09,49.58,49.25,49.79,49.13,505.08K
2017-10-10,50.92,49.55,51.06,49.54,664.84K
2017-10-11,51.3,50.94,51.42,50.61,651.95K
2017-10-12,50.6,51.0,51.13,50.15,729.27K
2017-10-13,51.45,50.73,51.72,50.7,667.50K
2017-10-16,51.87,51.43,52.37,51.35,520.73K
2017-10-17,51.88,51.93,52.25,51.21,471.61K
2017-10-18,52.04,51.94,52.33,51.69,152.62K
2017-10-19,51.29,52.05,52.17,51.07,127.41K
2017-10-20,51.47,51.42,51.73,50.7,32.96K
2017-10-23,51.9,52.07,52.3,51.68,583.56K
2017-10-24,52.47,51.89,52.62,51.55,709.55K
2017-10-25,52.18,52.56,52.57,51.89,681.74K
2017-10-26,52.64,52.19,52.86,51.91,594.65K
2017-10-27,53.9,52.8,54.2,52.25,730.92K
2017-10-30,54.15,54.16,54.46,53.75,565.04K
2017-10-31,54.38,54.08,54.85,53.93,497.30K
2017-11-01,54.3,54.65,55.22,53.89,671.04K
2017-11-02,54.54,54.28,54.84,53.99,482.85K
2017-11-03,55.64,54.73,55.76,54.4,614.16K
2017-11-06,57.35,55.97,57.61,55.66,861.71K
2017-11-07,57.2,57.27,57.69,56.83,750.19K
2017-11-08,56.81,56.96,57.92,56.41,919.15K
2017-11-09,57.17,56.85,57.53,56.69,666.95K
2017-11-10,56.74,57.02,57.35,56.55,541.30K
2017-11-13,56.76,56.9,57.15,56.3,631.62K
2017-11-14,55.7,56.72,56.77,54.81,707.34K
2017-11-15,55.33,55.06,55.56,54.88,501.39K
2017-11-16,55.14,55.3,55.62,54.93,213.92K
2017-11-17,56.55,55.25,56.68,55.18,184.94K
2017-11-20,56.09,56.69,56.76,55.57,37.70K
2017-11-21,56.83,56.38,57.22,56.32,619.07K
2017-11-22,58.02,57.12,58.15,57.03,837.41K
2017-11-23,58.38,57.97,58.58,57.76,-
2017-11-24,58.95,58.05,59.05,57.75,577.83K
2017-11-27,58.11,58.95,58.99,57.55,690.08K
2017-11-28,57.99,57.86,58.11,57.42,546.53K
2017-11-29,57.3,57.73,58.3,56.75,741.56K
2017-11-30,57.4,57.41,57.98,56.82,735.13K
2017-12-01,58.36,57.42,58.88,57.29,685.22K
2017-12-04,57.47,58.32,58.34,57.35,529.97K
2017-12-05,57.62,57.48,57.92,57.08,499.25K
2017-12-06,55.96,57.45,57.57,55.87,678.99K
2017-12-07,56.69,56.0,56.78,55.82,557.33K
2017-12-08,57.36,56.65,57.79,56.54,681.60K
2017-12-11,57.99,57.25,58.08,56.91,606.72K
2017-12-12,57.14,58.02,58.56,56.85,826.49K
2017-12-13,56.6,57.45,57.83,56.55,658.14K
2017-12-14,57.04,56.7,57.22,56.09,580.57K
2017-12-15,57.3,57.15,57.49,56.94,210.05K
2017-12-18,57.16,57.37,57.78,56.82,137.15K
2017-12-19,57.46,57.3,57.64,57.16,36.29K
2017-12-20,58.09,57.66,58.12,57.44,420.84K
2017-12-21,58.36,58.02,58.38,57.63,405.32K
2017-12-22,58.47,58.21,58.5,57.87,324.55K
2017-12-25,58.59,58.41,58.62,58.38,-
2017-12-26,59.97,58.4,60.01,58.32,437.79K
2017-12-27,59.64,59.79,59.93,59.33,402.40K
2017-12-28,59.84,59.53,59.94,59.44,345.96K
2017-12-29,60.42,59.91,60.51,59.82,464.48K
2018-01-01,60.24,60.26,60.28,60.15,-
2018-01-02,60.37,60.2,60.74,60.1,510.31K
2018-01-03,61.63,60.39,61.97,60.28,673.86K
2018-01-04,62.01,61.96,62.21,61.59,654.36K
2018-01-05,61.44,61.9,62.04,61.09,563.04K
2018-01-08,61.73,61.61,61.97,61.34,616.47K
2018-01-09,62.96,61.92,63.48,61.8,844.72K
2018-01-10,63.57,63.41,63.67,63.09,697.84K
2018-01-11,63.8,63.5,64.77,63.43,876.64K
2018-01-12,64.3,63.57,64.5,63.06,678.73K
2018-01-14,64.28,64.42,64.44,64.19,-
2018-01-15,64.73,64.28,64.89,64.11,-
2018-01-16,63.73,64.43,64.89,63.39,867.77K
2018-01-17,63.97,63.89,64.17,63.31,444.38K
2018-01-18,63.95,64.07,64.35,63.47,204.50K
2018-01-19,63.37,63.74,63.77,62.85,142.71K
2018-01-22,63.49,63.61,64.14,63.17,40.06K
2018-01-23,64.47,63.88,64.88,63.7,662.46K
2018-01-24,65.61,64.42,66.05,64.34,887.02K
2018-01-25,65.51,65.88,66.66,65.08,771.76K
2018-01-26,66.14,65.25,66.35,64.91,678.19K
2018-01-29,65.56,66.18,66.46,64.98,656.17K
2018-01-30,64.5,65.53,65.56,63.89,688.38K
2018-01-31,64.73,64.03,64.94,63.67,613.26K
2018-02-01,65.8,64.76,66.25,64.63,685.75K
2018-02-02,65.45,65.99,66.3,64.47,857.57K
2018-02-05,64.15,65.1,65.4,63.42,891.06K
2018-02-06,63.39,63.43,64.29,63.12,797.81K
2018-02-07,61.79,63.92,64.18,61.25,1.03M
2018-02-08,61.15,61.7,62.09,60.27,929.58K
2018-02-09,59.2,60.43,60.77,58.07,933.31K
2018-02-12,59.29,59.12,60.83,59.1,736.92K
2018-02-13,59.19,59.35,59.73,58.39,580.60K
2018-02-14,60.6,58.98,60.9,58.2,650.32K
2018-02-15,61.34,60.71,61.64,59.72,340.40K
2018-02-16,61.68,61.45,61.99,60.88,181.18K
2018-02-18,61.72,61.51,61.74,61.51,-
2018-02-19,62.38,61.71,62.49,61.67,-
2018-02-20,61.9,61.63,62.74,61.58,50.21K
2018-02-21,61.68,61.63,61.86,60.92,466.92K
2018-02-22,62.77,61.34,63.09,60.75,592.60K
2018-02-23,63.55,62.6,63.73,62.33,460.60K
2018-02-26,63.91,63.6,64.24,63.06,469.85K
2018-02-27,63.01,64.06,64.08,62.64,562.67K
2018-02-28,61.64,62.79,63.44,61.36,768.41K
2018-03-01,60.99,61.55,61.83,60.18,812.51K
2018-03-02,61.25,61.34,61.6,60.13,613.51K
2018-03-05,62.57,61.55,62.79,61.1,599.27K
2018-03-06,62.6,62.58,63.28,62.17,634.95K
2018-03-07,61.15,62.3,62.58,60.58,879.12K
2018-03-08,60.12,61.33,61.4,59.95,720.51K
2018-03-09,62.04,60.27,62.18,60.14,659.72K
2018-03-12,61.36,62.1,62.33,60.67,537.99K
2018-03-13,60.71,61.37,61.97,60.27,747.74K
2018-03-14,60.96,60.87,61.33,60.11,665.02K
2018-03-15,61.19,60.95,61.54,60.82,430.20K
2018-03-16,62.34,61.19,62.54,61.08,202.49K
2018-03-19,62.06,62.23,62.35,61.36,115.96K
2018-03-20,63.4,62.1,63.81,62.08,36.06K
2018-03-21,65.17,63.72,65.55,63.58,763.77K
2018-03-22,64.3,65.5,65.74,64.14,689.17K
2018-03-23,65.88,64.28,66.0,64.11,752.99K
2018-03-26,65.55,65.9,66.55,65.08,585.90K
2018-03-27,65.25,65.53,66.41,64.53,670.81K
2018-03-28,64.38,64.7,65.13,63.72,697.68K
2018-03-29,64.94,64.69,65.26,64.16,562.82K
2018-04-02,63.01,64.91,65.42,62.8,582.74K
2018-04-03,63.51,62.89,63.86,62.86,527.29K
2018-04-04,63.37,63.59,63.64,62.06,760.60K
2018-04-05,63.54,63.6,64.12,63.07,588.60K
2018-04-06,62.06,63.7,63.79,61.81,753.26K
2018-04-09,63.42,62.0,63.61,61.93,655.83K
2018-04-10,65.51,63.3,65.86,63.2,840.28K
2018-04-11,66.82,65.59,67.45,65.15,963.02K
2018-04-12,67.07,66.75,67.33,66.0,687.47K
2018-04-13,67.39,67.18,67.76,66.7,624.20K
2018-04-16,66.22,67.24,67.74,66.13,560.08K
2018-04-17,66.52,66.42,66.75,65.56,486.08K
2018-04-18,68.47,66.68,68.91,66.56,221.66K
2018-04-19,68.29,68.75,69.56,67.98,125.99K
2018-04-20,68.38,68.26,68.62,67.5,32.95K
2018-04-23,68.64,68.22,69.03,67.14,740.94K
2018-04-24,67.7,68.95,69.38,67.54,832.30K
2018-04-25,68.05,67.75,68.18,67.11,764.05K
2018-04-26,68.19,68.03,68.78,67.71,660.55K
2018-04-27,68.1,68.21,68.36,67.64,542.55K
2018-04-30,68.57,68.15,69.34,67.17,755.19K
2018-05-01,67.25,68.56,68.9,66.85,694.77K
2018-05-02,67.93,67.49,68.14,66.92,789.37K
2018-05-03,68.43,67.68,68.6,67.21,691.22K
2018-05-04,69.72,68.5,69.97,68.12,690.88K
2018-05-07,70.73,69.85,70.84,69.51,758.92K
2018-05-08,69.06,70.03,70.4,67.63,1.25M
2018-05-09,71.14,70.05,71.36,69.85,863.39K
2018-05-10,71.36,71.23,71.89,70.56,749.81K
2018-05-11,70.7,71.45,71.63,70.45,634.15K
2018-05-14,70.96,70.54,71.26,70.26,592.83K
2018-05-15,71.31,71.15,71.92,70.42,815.29K
2018-05-16,71.49,71.02,71.59,70.66,574.28K
2018-05-17,71.49,71.56,72.3,71.09,562.64K
2018-05-18,71.28,71.6,71.75,70.99,211.79K
2018-05-21,72.24,71.47,72.59,71.25,119.89K
2018-05-22,72.13,72.53,72.83,71.9,31.97K
2018-05-23,71.84,72.11,72.26,71.19,702.79K
2018-05-24,70.71,71.83,72.0,70.52,640.73K
2018-05-25,67.88,70.65,70.8,67.42,955.35K
2018-05-27,67.36,67.44,67.48,67.02,-
2018-05-28,67.05,67.39,67.41,65.81,-
2018-05-29,66.73,67.55,67.55,65.8,1.06M
2018-05-30,68.21,66.85,68.67,66.35,726.89K
2018-05-31,67.04,68.24,68.3,66.56,917.56K
2018-06-01,65.81,67.07,67.34,65.51,781.10K
2018-06-04,64.75,65.71,66.04,64.57,696.05K
2018-06-05,65.52,64.94,65.57,64.22,714.67K
2018-06-06,64.73,65.51,65.96,64.27,708.83K
2018-06-07,65.95,65.07,66.07,64.81,675.04K
2018-06-08,65.74,65.98,66.24,65.15,571.22K
2018-06-11,66.1,65.56,66.35,64.85,558.28K
2018-06-12,66.36,66.05,66.7,65.87,524.41K
2018-06-13,66.64,66.01,66.89,65.52,626.40K
2018-06-14,66.89,66.62,67.16,66.36,460.17K
2018-06-15,65.06,67.0,67.09,64.29,512.59K
2018-06-18,65.85,64.4,65.98,63.59,218.93K
2018-06-19,65.07,65.82,65.9,64.39,122.65K
2018-06-20,66.22,65.11,66.53,65.01,30.65K
2018-06-21,65.54,65.34,66.22,64.34,760.72K
2018-06-22,68.58,65.93,69.38,65.71,1.14M
2018-06-25,68.08,68.75,69.44,67.78,816.21K
2018-06-26,70.53,68.21,70.91,67.72,848.54K
2018-06-27,72.76,70.68,73.06,70.56,775.16K
2018-06-28,73.45,72.27,74.03,72.2,717.35K
2018-06-29,74.15,73.33,74.46,72.93,602.40K
2018-07-02,73.94,73.62,74.35,72.51,652.17K
2018-07-03,74.14,74.08,75.27,72.73,667.24K
2018-07-04,74.13,74.62,74.76,73.52,-
2018-07-05,72.94,74.23,74.9,72.53,841.63K
2018-07-06,73.8,73.16,74.01,72.14,611.42K
2018-07-09,73.85,73.87,74.28,72.99,533.00K
2018-07-10,74.11,74.04,74.7,73.65,586.83K
2018-07-11,70.38,74.2,74.26,70.02,861.73K
2018-07-12,70.33,70.6,71.24,69.23,707.89K
2018-07-13,71.01,70.38,71.66,69.84,530.28K
2018-07-16,68.06,70.52,70.87,67.58,530.48K
2018-07-17,68.08,68.03,68.44,67.03,440.73K
2018-07-18,68.76,67.61,69.06,67.04,187.31K
2018-07-19,69.46,69.0,70.17,67.8,103.22K
2018-07-20,70.46,69.39,71.1,69.37,25.56K
2018-07-23,67.89,68.17,69.31,67.6,555.92K
2018-07-24,68.52,67.8,69.05,67.56,524.59K
2018-07-25,69.3,68.77,69.7,68.2,622.91K
2018-07-26,69.61,69.38,69.92,68.92,489.06K
2018-07-27,68.69,69.58,69.77,68.26,460.45K
2018-07-30,70.13,69.01,70.43,68.8,463.01K
2018-07-31,68.76,70.05,70.22,67.98,519.07K
2018-08-01,67.66,68.43,68.52,67.31,576.56K
2018-08-02,68.96,67.86,69.36,66.92,531.07K
2018-08-03,68.49,68.99,69.24,67.87,476.62K
2018-08-06,69.01,68.65,69.92,68.5,495.61K
2018-08-07,69.17,68.9,69.83,68.81,485.03K
2018-08-08,66.94,69.09,69.37,66.32,760.31K
2018-08-09,66.81,66.79,67.41,66.49,509.40K
2018-08-10,67.63,66.74,67.87,66.14,524.49K
2018-08-13,67.2,67.78,67.95,65.71,578.22K
2018-08-14,67.04,67.42,68.37,66.58,538.48K
2018-08-15,65.01,66.62,66.9,64.51,573.47K
2018-08-16,65.46,64.95,65.52,64.43,383.38K
2018-08-17,65.91,65.47,66.39,65.3,171.40K
2018-08-20,66.43,65.91,66.68,65.59,112.71K
2018-08-21,67.35,66.62,68.1,66.52,27.15K
2018-08-22,67.86,66.08,68.15,65.98,581.90K
2018-08-23,67.83,68.07,68.12,67.32,450.69K
2018-08-24,68.72,67.9,69.31,67.78,517.80K
2018-08-27,68.87,68.57,68.97,68.34,332.61K
2018-08-28,68.53,68.93,69.2,68.21,426.83K
2018-08-29,69.51,68.54,69.76,68.37,497.10K
2018-08-30,70.25,69.71,70.5,69.55,445.58K
2018-08-31,69.8,70.06,70.36,69.64,419.74K
2018-09-02,69.92,69.91,69.99,69.88,-
2018-09-03,70.12,69.91,70.2,69.54,-
2018-09-04,69.87,69.89,71.4,69.08,785.98K
2018-09-05,68.72,69.43,69.59,68.56,542.10K
2018-09-06,67.77,68.64,69.02,67.0,633.82K
2018-09-07,67.75,67.88,68.08,66.86,530.90K
2018-09-10,67.54,67.82,68.52,67.33,571.17K
2018-09-11,69.25,67.53,70.01,67.48,676.87K
2018-09-12,70.37,69.89,71.26,69.5,800.54K
2018-09-13,68.59,70.24,70.28,68.35,684.94K
2018-09-14,68.99,68.79,69.91,67.94,611.08K
2018-09-17,68.91,68.93,69.72,68.53,422.29K
2018-09-18,69.85,68.8,70.42,68.53,234.20K
2018-09-19,71.12,69.71,71.5,69.65,125.21K
2018-09-20,70.8,71.39,71.81,70.73,28.40K
2018-09-21,70.78,70.2,71.8,69.98,855.94K
2018-09-24,72.08,71.14,72.74,71.14,576.89K
2018-09-25,72.28,72.25,72.78,71.89,551.28K
2018-09-26,71.57,72.09,72.38,71.47,464.46K
2018-09-27,72.12,72.01,72.6,71.71,454.55K
2018-09-28,73.25,72.18,73.73,71.88,544.05K
2018-10-01,75.3,73.29,75.77,72.95,601.45K
2018-10-02,75.23,75.42,75.91,74.93,463.62K
2018-10-03,76.41,75.12,76.9,74.3,698.82K
2018-10-04,74.33,76.18,76.47,73.88,687.95K
2018-10-05,74.34,74.67,75.22,73.83,613.22K
2018-10-08,74.29,74.4,74.58,73.07,554.94K
2018-10-09,74.96,74.21,75.28,74.0,623.54K
2018-10-10,73.17,74.66,75.08,72.38,652.74K
2018-10-11,70.97,72.68,72.76,70.51,783.96K
2018-10-12,71.34,70.99,72.01,70.64,626.67K
2018-10-15,71.78,71.85,72.7,70.85,568.61K
2018-10-16,71.92,71.72,72.29,71.02,535.00K
2018-10-17,69.75,72.17,72.43,69.43,651.58K
2018-10-18,68.65,70.03,70.03,68.47,215.34K
2018-10-19,69.12,68.68,69.77,68.56,108.31K
2018-10-22,69.17,69.41,69.65,68.27,27.42K
2018-10-23,66.43,69.55,69.66,65.74,853.27K
2018-10-24,66.82,66.17,67.72,66.05,775.96K
2018-10-25,67.33,66.36,67.65,65.99,573.10K
2018-10-26,67.59,66.95,67.88,66.2,595.21K
2018-10-29,67.04,67.55,67.95,66.29,477.49K
2018-10-30,66.18,66.68,67.26,65.33,680.44K
2018-10-31,65.31,66.32,67.0,64.81,666.49K
2018-11-01,63.69,64.88,65.39,63.11,790.29K
2018-11-02,63.14,63.5,63.95,62.63,708.91K
2018-11-05,63.1,62.99,64.14,62.52,609.13K
2018-11-06,62.21,62.7,63.32,61.31,761.24K
2018-11-07,61.67,61.74,63.18,61.2,866.63K
2018-11-08,60.67,61.64,62.42,60.4,764.55K
2018-11-09,60.19,60.75,60.79,59.26,821.73K
2018-11-12,59.93,60.7,61.28,58.68,806.22K
2018-11-13,55.69,58.88,59.35,54.75,1.10M
2018-11-14,56.25,55.27,57.37,55.13,844.70K
2018-11-15,56.46,56.02,57.26,55.59,256.50K
2018-11-16,56.46,56.58,57.96,55.89,159.00K
2018-11-19,56.76,56.72,57.33,55.08,33.58K
2018-11-20,53.43,57.39,57.44,52.77,983.12K
2018-11-21,54.63,53.39,55.86,53.39,734.28K
2018-11-22,54.02,54.64,54.82,53.53,-
2018-11-23,50.42,54.66,54.82,50.15,1.01M
2018-11-26,51.63,50.62,52.25,50.1,663.11K
2018-11-27,51.56,51.54,52.38,50.3,764.01K
2018-11-28,50.29,52.09,52.56,50.06,831.69K
2018-11-29,51.45,50.31,52.2,49.41,812.72K
2018-11-30,50.93,51.27,51.79,49.65,796.71K
2018-12-03,52.95,52.45,53.85,52.03,758.01K
2018-12-04,53.25,53.13,54.55,52.43,738.13K
2018-12-05,52.89,52.59,54.44,52.16,624.91K
2018-12-06,51.49,52.93,53.3,50.08,987.27K
2018-12-07,52.61,51.76,54.22,50.6,987.72K
2018-12-10,51.0,52.03,52.81,50.53,733.23K
2018-12-11,51.65,50.89,52.43,50.7,665.26K
2018-12-12,51.15,51.95,52.88,50.94,730.81K
2018-12-13,52.58,51.2,53.27,50.35,733.63K
2018-12-14,51.2,52.83,52.95,50.84,526.84K
2018-12-17,49.88,51.25,51.87,49.01,211.26K
2018-12-18,46.24,49.16,49.59,45.79,120.10K
2018-12-19,47.2,45.93,48.0,45.93,37.16K
2018-12-20,45.88,47.39,47.51,45.67,794.13K
2018-12-21,45.59,46.25,46.77,45.13,694.00K
2018-12-24,42.53,45.45,46.24,42.36,415.86K
2018-12-25,43.16,43.0,43.25,42.88,-
2018-12-26,46.22,42.85,47.0,42.52,698.41K
2018-12-27,44.61,46.58,46.7,44.37,665.59K
2018-12-28,45.33,45.44,46.22,44.42,564.39K
2018-12-31,45.41,45.22,46.53,44.73,476.97K
